date,coop_share
2011-01-01,1
2011-01-02,0.5
2011-01-03,0.42857142857142855
2011-01-04,0.36363636363636365
2011-01-05,0.4
2011-01-06,0.4
2011-01-07,0.2
2011-01-09,1
2011-01-10,0.3793103448275862
2011-01-11,0.391304347826087
2011-01-12,0.4
2011-01-13,0.6
2011-01-14,0.35
2011-01-15,0.16666666666666666
2011-01-16,0.2
2011-01-17,0.46875
2011-01-18,0.3225806451612903
2011-01-19,0.35714285714285715
2011-01-20,0.2857142857142857
2011-01-21,0.3333333333333333
2011-01-23,0.6
2011-01-24,0.3
2011-01-25,0.3157894736842105
2011-01-26,0.32142857142857145
2011-01-27,0.5217391304347826
2011-01-28,0.4782608695652174
2011-01-29,0.2727272727272727
2011-01-30,0.5714285714285714
2011-01-31,0.3888888888888889
2011-02-01,0.391304347826087
2011-02-02,0.29411764705882354
2011-02-03,0.2857142857142857
2011-02-04,0.25
2011-02-05,1
2011-02-06,0.5714285714285714
2011-02-07,0.46153846153846156
2011-02-08,0.4
2011-02-09,0.3
2011-02-10,0.5384615384615384
2011-02-11,0.21052631578947367
2011-02-14,0.3333333333333333
2011-02-15,0.3333333333333333
2011-02-16,0.4230769230769231
2011-02-17,0.25
2011-02-18,0.18181818181818182
2011-02-21,0.2
2011-02-22,0.38461538461538464
2011-02-23,0.3333333333333333
2011-02-24,0.18181818181818182
2011-02-25,0.2857142857142857
2011-02-26,0.25
2011-02-27,0.8
2011-02-28,0.3333333333333333
2011-03-01,0.375
2011-03-02,0.25
2011-03-03,0.15384615384615385
2011-03-04,0.16666666666666666
2011-03-05,0.3333333333333333
2011-03-06,0.3333333333333333
2011-03-07,0.42105263157894735
2011-03-08,0.29411764705882354
2011-03-09,0.18181818181818182
2011-03-10,0.18181818181818182
2011-03-11,0.17647058823529413
2011-03-13,1
2011-03-14,0.4444444444444444
2011-03-15,0.18518518518518517
2011-03-16,0.2222222222222222
2011-03-17,0.25
2011-03-18,0.2222222222222222
2011-03-19,0.3333333333333333
2011-03-21,0.2777777777777778
2011-03-22,0.3125
2011-03-23,0.17647058823529413
2011-03-24,0.15384615384615385
2011-03-25,0.07692307692307693
2011-03-26,0.3333333333333333
2011-03-27,0.125
2011-03-28,0.26666666666666666
2011-03-29,0.14285714285714285
2011-03-30,0.21052631578947367
2011-03-31,0.1111111111111111
2011-04-01,0.35
2011-04-02,0.6
2011-04-03,0.25
2011-04-04,0.17857142857142858
2011-04-05,0.27586206896551724
2011-04-06,0.25
2011-04-07,0.32
2011-04-08,0.125
2011-04-10,1
2011-04-11,0.25925925925925924
2011-04-12,0.25
2011-04-13,0.1
2011-04-14,0.3181818181818182
2011-04-15,0.3076923076923077
2011-04-17,0.3333333333333333
2011-04-18,0.38461538461538464
2011-04-19,0.5714285714285714
2011-04-21,0.5
2011-04-23,0.15384615384615385
2011-04-25,0.6
2011-04-26,0.14285714285714285
2011-04-27,0.2692307692307692
2011-04-28,0.17142857142857143
2011-04-29,0.28125
2011-05-02,0.45454545454545453
2011-05-04,0.16
2011-05-05,0.4
2011-05-06,0.16666666666666666
2011-05-07,0.25
2011-05-08,0.16666666666666666
2011-05-09,0.42857142857142855
2011-05-10,0.2727272727272727
2011-05-11,0.3076923076923077
2011-05-12,0.27586206896551724
2011-05-13,0.11538461538461539
2011-05-15,0.3333333333333333
2011-05-16,0.2916666666666667
2011-05-18,0.27906976744186046
2011-05-19,0.44
2011-05-20,0.4594594594594595
2011-05-21,0.3333333333333333
2011-05-22,0.6666666666666666
2011-05-23,0.22727272727272727
2011-05-24,0.2978723404255319
2011-05-25,0.24242424242424243
2011-05-26,0.22857142857142856
2011-05-27,0.2857142857142857
2011-05-29,0.6666666666666666
2011-05-30,0.2777777777777778
2011-05-31,0.42857142857142855
2011-06-01,0.2916666666666667
2011-06-02,0.4444444444444444
2011-06-03,0.1875
2011-06-04,0.5714285714285714
2011-06-06,0.25925925925925924
2011-06-07,0.1891891891891892
2011-06-08,0.3684210526315789
2011-06-09,0.1935483870967742
2011-06-10,0.12
2011-06-11,0.15384615384615385
2011-06-12,1
2011-06-13,0.2
2011-06-14,0.2222222222222222
2011-06-15,0.32432432432432434
2011-06-16,0.28125
2011-06-17,0.1875
2011-06-20,0.18333333333333332
2011-06-21,0.18518518518518517
2011-06-22,0.23076923076923078
2011-06-23,0.25
2011-06-24,0.2222222222222222
2011-06-25,0.5294117647058824
2011-06-26,0.4
2011-06-27,0.42424242424242425
2011-06-28,0.46875
2011-06-29,0.5294117647058824
2011-06-30,0.38461538461538464
2011-07-01,0.41935483870967744
2011-07-03,0.3333333333333333
2011-07-04,0.21428571428571427
2011-07-05,0.4583333333333333
2011-07-06,0.29411764705882354
2011-07-07,0.09090909090909091
2011-07-08,0.125
2011-07-09,0.3333333333333333
2011-07-11,0.5135135135135135
2011-07-12,0.47058823529411764
2011-07-13,0.15384615384615385
2011-07-14,0.18181818181818182
2011-07-15,0.38461538461538464
2011-07-16,0.7142857142857143
2011-07-17,0.875
2011-07-18,0.5142857142857142
2011-07-19,0.6428571428571429
2011-07-20,0.5942028985507246
2011-07-21,0.6052631578947368
2011-07-22,0.3125
2011-07-23,0.5555555555555556
2011-07-24,0.125
2011-07-25,0.6
2011-07-26,0.6440677966101694
2011-07-27,0.5714285714285714
2011-07-28,0.5466666666666666
2011-07-29,0.5949367088607594
2011-07-30,0.4
2011-07-31,1
2011-08-01,0.48
2011-08-02,0.5921052631578947
2011-08-03,0.5686274509803921
2011-08-04,0.4375
2011-08-05,0.5238095238095238
2011-08-06,0.4
2011-08-08,0.375
2011-08-09,0.2765957446808511
2011-08-10,0.20689655172413793
2011-08-11,0.3333333333333333
2011-08-12,0.3181818181818182
2011-08-13,0.6666666666666666
2011-08-14,0.75
2011-08-15,0.2962962962962963
2011-08-16,0.1875
2011-08-17,0.3333333333333333
2011-08-18,0.2222222222222222
2011-08-19,0.4482758620689655
2011-08-20,0.2
2011-08-22,0.38095238095238093
2011-08-23,0.5
2011-08-24,0.35714285714285715
2011-08-25,0.36619718309859156
2011-08-26,0.3137254901960784
2011-08-28,0.16666666666666666
2011-08-29,0.43137254901960786
2011-08-30,0.3870967741935484
2011-08-31,0.4375
2011-09-01,0.5333333333333333
2011-09-02,0.32558139534883723
2011-09-03,0.3333333333333333
2011-09-05,0.2804878048780488
2011-09-06,0.323943661971831
2011-09-07,0.35802469135802467
2011-09-08,0.4
2011-09-09,0.3333333333333333
2011-09-10,0.7142857142857143
2011-09-11,0.25
2011-09-12,0.4225352112676056
2011-09-13,0.47058823529411764
2011-09-14,0.2564102564102564
2011-09-15,0.32
2011-09-16,0.3333333333333333
2011-09-17,0.3333333333333333
2011-09-18,0.5
2011-09-19,0.4126984126984127
2011-09-20,0.43478260869565216
2011-09-21,0.3389830508474576
2011-09-22,0.4406779661016949
2011-09-23,0.4
2011-09-24,0.2777777777777778
2011-09-25,0.38461538461538464
2011-09-26,0.3157894736842105
2011-09-27,0.14893617021276595
2011-09-28,0.15384615384615385
2011-09-29,0.3389830508474576
2011-09-30,0.43333333333333335
2011-10-01,0.47619047619047616
2011-10-02,0.2222222222222222
2011-10-03,0.29310344827586204
2011-10-04,0.3103448275862069
2011-10-05,0.2894736842105263
2011-10-06,0.23529411764705882
2011-10-07,0.4146341463414634
2011-10-08,0.25
2011-10-10,0.3764705882352941
2011-10-11,0.45535714285714285
2011-10-12,0.4777777777777778
2011-10-13,0.504
2011-10-14,0.3880597014925373
2011-10-15,0.2857142857142857
2011-10-16,0.4
2011-10-17,0.375
2011-10-18,0.2765957446808511
2011-10-19,0.3181818181818182
2011-10-20,0.4144144144144144
2011-10-21,0.3939393939393939
2011-10-22,0.375
2011-10-23,0.3076923076923077
2011-10-24,0.4716981132075472
2011-10-25,0.3949579831932773
2011-10-26,0.45454545454545453
2011-10-27,0.44660194174757284
2011-10-28,0.5140845070422535
2011-10-29,0.5909090909090909
2011-10-30,0.6923076923076923
2011-10-31,0.5
2011-11-01,0.47619047619047616
2011-11-02,0.3300970873786408
2011-11-03,0.4222222222222222
2011-11-04,0.5245901639344263
2011-11-05,0.5
2011-11-06,0.5384615384615384
2011-11-07,0.4715447154471545
2011-11-08,0.35802469135802467
2011-11-09,0.5384615384615384
2011-11-10,0.4594594594594595
2011-11-11,0.4961832061068702
2011-11-12,0.2
2011-11-13,0.2727272727272727
2011-11-14,0.5
2011-11-15,0.48936170212765956
2011-11-16,0.46853146853146854
2011-11-17,0.5319148936170213
2011-11-18,0.5114503816793893
2011-11-19,0.5714285714285714
2011-11-20,0.3870967741935484
2011-11-21,0.3973509933774834
2011-11-22,0.4166666666666667
2011-11-23,0.49523809523809526
2011-11-24,0.453781512605042
2011-11-25,0.5169491525423728
2011-11-26,0.25
2011-11-27,0.4444444444444444
2011-11-28,0.4083333333333333
2011-11-29,0.35251798561151076
2011-11-30,0.1388888888888889
2011-12-01,0.18666666666666668
2011-12-02,0.2289156626506024
2011-12-03,0.5
2011-12-04,0.5714285714285714
2011-12-05,0.17333333333333334
2011-12-06,0.24242424242424243
2011-12-07,0.2833333333333333
2011-12-08,0.23170731707317074
2011-12-09,0.3411764705882353
2011-12-10,0.1111111111111111
2011-12-12,0.2553191489361702
2011-12-13,0.3160919540229885
2011-12-14,0.4230769230769231
2011-12-15,0.42780748663101603
2011-12-16,0.38650306748466257
2011-12-17,0.1111111111111111
2011-12-18,0.4
2011-12-19,0.38961038961038963
2011-12-20,0.3119266055045872
2011-12-21,0.16296296296296298
2011-12-22,0.2803738317757009
2011-12-23,0.3389830508474576
2011-12-24,0.2
2011-12-25,0.5
2011-12-26,1
2011-12-27,0.5769230769230769
2011-12-28,0.6464646464646465
2011-12-29,0.3392857142857143
2011-12-30,0.4077669902912621
2011-12-31,0.5294117647058824
2012-01-01,0.2727272727272727
2012-01-02,0.32160804020100503
2012-01-03,0.313953488372093
2012-01-04,0.28654970760233917
2012-01-05,0.37628865979381443
2012-01-06,0.2846153846153846
2012-01-07,0.125
2012-01-08,0.28125
2012-01-09,0.3621621621621622
2012-01-10,0.35365853658536583
2012-01-11,0.3382352941176471
2012-01-12,0.2727272727272727
2012-01-13,0.3680555555555556
2012-01-14,0.4583333333333333
2012-01-15,0.5135135135135135
2012-01-16,0.27071823204419887
2012-01-17,0.28823529411764703
2012-01-18,0.3393939393939394
2012-01-19,0.24867724867724866
2012-01-20,0.35294117647058826
2012-01-21,0.2857142857142857
2012-01-22,0.375
2012-01-23,0.3401360544217687
2012-01-24,0.27607361963190186
2012-01-25,0.25663716814159293
2012-01-26,0.23626373626373626
2012-01-27,0.3113207547169811
2012-01-28,0.16666666666666666
2012-01-29,0.42424242424242425
2012-01-30,0.36939313984168864
2012-01-31,0.3169642857142857
2012-02-01,0.2962962962962963
2012-02-02,0.3287671232876712
2012-02-03,0.5157894736842106
2012-02-04,0.1111111111111111
2012-02-05,0.42857142857142855
2012-02-06,0.375
2012-02-07,0.3333333333333333
2012-02-08,0.3333333333333333
2012-02-09,0.38028169014084506
2012-02-10,0.3047619047619048
2012-02-11,0.5714285714285714
2012-02-12,0.4375
2012-02-13,0.3691275167785235
2012-02-14,0.33043478260869563
2012-02-15,0.3217391304347826
2012-02-16,0.3150684931506849
2012-02-17,0.423728813559322
2012-02-18,0.6
2012-02-19,0.16666666666666666
2012-02-20,0.24615384615384617
2012-02-21,0.2537313432835821
2012-02-22,0.28169014084507044
2012-02-23,0.2894736842105263
2012-02-24,0.29473684210526313
2012-02-25,0.3333333333333333
2012-02-26,0.5
2012-02-27,0.3218390804597701
2012-02-28,0.3611111111111111
2012-02-29,0.28169014084507044
2012-03-01,0.3548387096774194
2012-03-02,0.5416666666666666
2012-03-05,0.2909090909090909
2012-03-06,0.3050847457627119
2012-03-07,0.32075471698113206
2012-03-08,0.38461538461538464
2012-03-09,0.17857142857142858
2012-03-12,0.30612244897959184
2012-03-13,0.37142857142857144
2012-03-14,0.375
2012-03-15,0.22641509433962265
2012-03-16,0.275
2012-03-17,0.5
2012-03-18,0.4
2012-03-19,0.43373493975903615
2012-03-20,0.5384615384615384
2012-03-21,0.5686274509803921
2012-03-22,0.5
2012-03-23,0.4875
2012-03-24,0.25
2012-03-26,0.3611111111111111
2012-03-27,0.29069767441860467
2012-03-28,0.345679012345679
2012-03-29,0.4594594594594595
2012-03-30,0.3333333333333333
2012-04-01,0.5
2012-04-02,0.3125
2012-04-03,0.4
2012-04-04,0.5625
2012-04-05,0.6923076923076923
2012-04-06,0.6111111111111112
2012-04-07,0.42857142857142855
2012-04-08,0.16666666666666666
2012-04-09,0.4166666666666667
2012-04-10,0.3333333333333333
2012-04-11,0.3870967741935484
2012-04-12,0.41818181818181815
2012-04-13,0.3
2012-04-14,0.3333333333333333
2012-04-15,0.25
2012-04-16,0.18181818181818182
2012-04-17,0.1724137931034483
2012-04-18,0.4782608695652174
2012-04-19,0.2631578947368421
2012-04-20,0.3333333333333333
2012-04-21,0.5
2012-04-23,0.33962264150943394
2012-04-24,0.4090909090909091
2012-04-25,0.3103448275862069
2012-04-26,0.27906976744186046
2012-04-27,0.25
2012-04-30,0.25
2012-05-01,0.2
2012-05-02,0.45
2012-05-03,0.4631578947368421
2012-05-04,0.6075949367088608
2012-05-05,0.5
2012-05-06,0.34782608695652173
2012-05-07,0.3898305084745763
2012-05-08,0.4166666666666667
2012-05-09,0.4647887323943662
2012-05-10,0.3269230769230769
2012-05-11,0.5476190476190477
2012-05-12,0.6428571428571429
2012-05-13,0.4
2012-05-14,0.3902439024390244
2012-05-15,0.35185185185185186
2012-05-16,0.34782608695652173
2012-05-17,0.2
2012-05-18,0.5
2012-05-19,1
2012-05-20,0.2
2012-05-21,0.42857142857142855
2012-05-22,0.3137254901960784
2012-05-23,0.3333333333333333
2012-05-24,0.43478260869565216
2012-05-25,0.425
2012-05-26,0.75
2012-05-27,0.5
2012-05-28,0.47058823529411764
2012-05-29,0.42105263157894735
2012-05-30,0.37735849056603776
2012-05-31,0.5283018867924528
2012-06-01,0.41935483870967744
2012-06-02,0.6
2012-06-03,0.42857142857142855
2012-06-04,0.5342465753424658
2012-06-05,0.5480769230769231
2012-06-06,0.6527777777777778
2012-06-07,0.40476190476190477
2012-06-08,0.48598130841121495
2012-06-09,0.14285714285714285
2012-06-10,0.14285714285714285
2012-06-11,0.5853658536585366
2012-06-12,0.4642857142857143
2012-06-13,0.2222222222222222
2012-06-14,0.47368421052631576
2012-06-15,0.5428571428571428
2012-06-17,0.75
2012-06-18,0.46153846153846156
2012-06-19,0.38666666666666666
2012-06-20,0.55
2012-06-21,0.3888888888888889
2012-06-22,0.5
2012-06-24,0.2222222222222222
2012-06-25,0.4067796610169492
2012-06-26,0.27631578947368424
2012-06-27,0.34545454545454546
2012-06-28,0.3188405797101449
2012-06-29,0.275
2012-07-02,0.3333333333333333
2012-07-03,0.3404255319148936
2012-07-04,0.36
2012-07-05,0.23333333333333334
2012-07-06,0.5185185185185185
2012-07-09,0.5238095238095238
2012-07-10,0.3870967741935484
2012-07-11,0.20833333333333334
2012-07-12,0.19047619047619047
2012-07-13,0.2826086956521739
2012-07-14,0.5
2012-07-15,0.1111111111111111
2012-07-16,0.3333333333333333
2012-07-17,0.3
2012-07-18,0.25
2012-07-19,0.47619047619047616
2012-07-20,0.5
2012-07-21,0.42857142857142855
2012-07-22,0.25
2012-07-23,0.2727272727272727
2012-07-24,0.5
2012-07-25,0.42857142857142855
2012-07-26,0.1111111111111111
2012-07-27,0.18181818181818182
2012-07-28,0.2
2012-07-29,0.3333333333333333
2012-07-30,0.35714285714285715
2012-07-31,0.25925925925925924
2012-08-01,0.41379310344827586
2012-08-02,0.36363636363636365
2012-08-03,0.5555555555555556
2012-08-04,0.375
2012-08-06,0.3783783783783784
2012-08-07,0.21875
2012-08-08,0.25806451612903225
2012-08-09,0.18032786885245902
2012-08-10,0.3125
2012-08-11,0.5
2012-08-12,0.6666666666666666
2012-08-13,0.3076923076923077
2012-08-14,0.352112676056338
2012-08-15,0.14102564102564102
2012-08-16,0.34
2012-08-17,0.2549019607843137
2012-08-18,0.5
2012-08-20,0.2571428571428571
2012-08-21,0.25
2012-08-22,0.16393442622950818
2012-08-23,0.3728813559322034
2012-08-24,0.25
2012-08-27,0.2127659574468085
2012-08-28,0.1951219512195122
2012-08-29,0.15151515151515152
2012-08-30,0.30303030303030304
2012-08-31,0.2777777777777778
2012-09-02,0.3333333333333333
2012-09-03,0.3170731707317073
2012-09-04,0.375
2012-09-05,0.4444444444444444
2012-09-06,0.3125
2012-09-07,0.22033898305084745
2012-09-08,0.75
2012-09-09,0.21428571428571427
2012-09-10,0.34375
2012-09-11,0.34146341463414637
2012-09-12,0.24242424242424243
2012-09-13,0.3333333333333333
2012-09-14,0.17073170731707318
2012-09-15,0.07692307692307693
2012-09-16,0.16666666666666666
2012-09-17,0.24
2012-09-18,0.3916083916083916
2012-09-19,0.3680555555555556
2012-09-20,0.43010752688172044
2012-09-21,0.5401459854014599
2012-09-22,0.6
2012-09-23,0.3333333333333333
2012-09-24,0.33587786259541985
2012-09-25,0.4304635761589404
2012-09-26,0.3625
2012-09-27,0.24
2012-09-28,0.2191780821917808
2012-09-29,0.2857142857142857
2012-09-30,0.5555555555555556
2012-10-01,0.4639175257731959
2012-10-02,0.5116279069767442
2012-10-03,0.5189873417721519
2012-10-04,0.4835164835164835
2012-10-05,0.6229508196721312
2012-10-06,0.48148148148148145
2012-10-07,0.4642857142857143
2012-10-08,0.5280898876404494
2012-10-09,0.4025974025974026
2012-10-10,0.34328358208955223
2012-10-11,0.3717948717948718
2012-10-12,0.4444444444444444
2012-10-13,0.42857142857142855
2012-10-14,0.36363636363636365
2012-10-15,0.41935483870967744
2012-10-16,0.39705882352941174
2012-10-17,0.4727272727272727
2012-10-18,0.5365853658536586
2012-10-19,0.20512820512820512
2012-10-20,0.68
2012-10-21,0.5
2012-10-22,0.36507936507936506
2012-10-23,0.33
2012-10-24,0.4793388429752066
2012-10-25,0.5
2012-10-26,0.5662650602409639
2012-10-27,0.7
2012-10-28,0.7
2012-10-29,0.4576271186440678
2012-10-30,0.35714285714285715
2012-10-31,0.4666666666666667
2012-11-01,0.3424657534246575
2012-11-02,0.5967741935483871
2012-11-03,0.5490196078431373
2012-11-04,0.6451612903225806
2012-11-05,0.30120481927710846
2012-11-06,0.36046511627906974
2012-11-07,0.4153846153846154
2012-11-08,0.4642857142857143
2012-11-09,0.4430379746835443
2012-11-10,0.5
2012-11-11,0.5384615384615384
2012-11-12,0.39655172413793105
2012-11-13,0.323943661971831
2012-11-14,0.3424657534246575
2012-11-15,0.36363636363636365
2012-11-16,0.42696629213483145
2012-11-17,0.3
2012-11-18,0.625
2012-11-19,0.38144329896907214
2012-11-20,0.4485294117647059
2012-11-21,0.45569620253164556
2012-11-22,0.4563106796116505
2012-11-23,0.25
2012-11-24,0.5806451612903226
2012-11-25,0.38095238095238093
2012-11-26,0.3643410852713178
2012-11-27,0.35714285714285715
2012-11-28,0.32727272727272727
2012-11-29,0.44036697247706424
2012-11-30,0.3780487804878049
2012-12-01,0.7857142857142857
2012-12-02,0.48
2012-12-03,0.34782608695652173
2012-12-04,0.5
2012-12-05,0.4406779661016949
2012-12-06,0.4888888888888889
2012-12-07,0.3821138211382114
2012-12-08,0.5
2012-12-09,0.5172413793103449
2012-12-10,0.3382352941176471
2012-12-11,0.39520958083832336
2012-12-12,0.4521276595744681
2012-12-13,0.47468354430379744
2012-12-14,0.44385026737967914
2012-12-15,0.45454545454545453
2012-12-16,0.3
2012-12-17,0.45255474452554745
2012-12-18,0.4717948717948718
2012-12-19,0.49206349206349204
2012-12-20,0.4708994708994709
2012-12-21,0.3627450980392157
2012-12-22,0.2692307692307692
2012-12-23,0.2727272727272727
2012-12-26,0.25
2012-12-27,0.5714285714285714
2012-12-28,0.6190476190476191
2012-12-29,0.13636363636363635
2012-12-30,0.6578947368421053
2012-12-31,0.3076923076923077
2013-01-01,0.24
2013-01-02,0.30177514792899407
2013-01-03,0.34234234234234234
2013-01-04,0.28368794326241137
2013-01-05,0.5666666666666667
2013-01-06,0.4117647058823529
2013-01-07,0.26
2013-01-08,0.26627218934911245
2013-01-09,0.2706766917293233
2013-01-10,0.26548672566371684
2013-01-11,0.3467741935483871
2013-01-12,0.4375
2013-01-13,0.43478260869565216
2013-01-14,0.3583815028901734
2013-01-15,0.20967741935483872
2013-01-16,0.43312101910828027
2013-01-17,0.42738589211618255
2013-01-18,0.39805825242718446
2013-01-19,0.47619047619047616
2013-01-20,0.24615384615384617
2013-01-21,0.3791208791208791
2013-01-22,0.48717948717948717
2013-01-23,0.35294117647058826
2013-01-24,0.42134831460674155
2013-01-25,0.527027027027027
2013-01-26,0.52
2013-01-27,0.6764705882352942
2013-01-28,0.4336734693877551
2013-01-29,0.36764705882352944
2013-01-30,0.30660377358490565
2013-01-31,0.27309236947791166
2013-02-01,0.23684210526315788
2013-02-02,0.42857142857142855
2013-02-03,0.16666666666666666
2013-02-04,0.19736842105263158
2013-02-05,0.2978723404255319
2013-02-06,0.25396825396825395
2013-02-07,0.42105263157894735
2013-02-08,0.373134328358209
2013-02-10,0.16666666666666666
2013-02-11,0.2
2013-02-12,0.4166666666666667
2013-02-13,0.31645569620253167
2013-02-14,0.3333333333333333
2013-02-15,0.325
2013-02-16,0.4444444444444444
2013-02-17,0.3333333333333333
2013-02-18,0.32098765432098764
2013-02-19,0.5826771653543307
2013-02-20,0.3394495412844037
2013-02-21,0.3894736842105263
2013-02-22,0.4342105263157895
2013-02-23,0.4444444444444444
2013-02-24,0.6428571428571429
2013-02-25,0.5196078431372549
2013-02-26,0.3950617283950617
2013-02-27,0.4857142857142857
2013-02-28,0.41509433962264153
2013-03-01,0.46511627906976744
2013-03-02,0.375
2013-03-03,0.6111111111111112
2013-03-04,0.4276729559748428
2013-03-05,0.5568181818181818
2013-03-06,0.3157894736842105
2013-03-07,0.1896551724137931
2013-03-08,0.2891566265060241
2013-03-09,0.375
2013-03-11,0.3090909090909091
2013-03-12,0.625
2013-03-13,0.5
2013-03-14,0.45569620253164556
2013-03-15,0.4426229508196721
2013-03-16,0.5714285714285714
2013-03-17,0.625
2013-03-18,0.6229508196721312
2013-03-19,0.4117647058823529
2013-03-20,0.17391304347826086
2013-03-21,0.3181818181818182
2013-03-22,0.3055555555555556
2013-03-25,0.5333333333333333
2013-03-26,0.5
2013-03-27,0.625
2013-03-28,0.5
2013-03-29,0.5
2013-03-30,0.75
2013-03-31,1
2013-04-01,0.47058823529411764
2013-04-02,0.4444444444444444
2013-04-03,0.28
2013-04-04,0.35714285714285715
2013-04-05,0.22857142857142856
2013-04-06,0.5
2013-04-07,0.4
2013-04-08,0.28888888888888886
2013-04-09,0.5
2013-04-10,0.26666666666666666
2013-04-11,0.2972972972972973
2013-04-12,0.275
2013-04-13,0.5
2013-04-14,0.5
2013-04-16,0.375
2013-04-17,0.24324324324324326
2013-04-18,0.23728813559322035
2013-04-19,0.43478260869565216
2013-04-20,0.1111111111111111
2013-04-22,0.375
2013-04-23,0.41379310344827586
2013-04-24,0.34615384615384615
2013-04-25,0.3220338983050847
2013-04-26,0.35555555555555557
2013-04-28,0.64
2013-04-29,0.4507042253521127
2013-04-30,0.4473684210526316
2013-05-01,0.25
2013-05-02,0.38961038961038963
2013-05-03,0.55
2013-05-04,0.25
2013-05-05,0.6666666666666666
2013-05-06,0.453125
2013-05-07,0.43373493975903615
2013-05-08,0.42424242424242425
2013-05-09,0.35294117647058826
2013-05-10,0.325
2013-05-11,0.5454545454545454
2013-05-12,0.3333333333333333
2013-05-13,0.44776119402985076
2013-05-14,0.3561643835616438
2013-05-15,0.5909090909090909
2013-05-16,0.21428571428571427
2013-05-17,0.875
2013-05-18,0.6666666666666666
2013-05-20,0.6153846153846154
2013-05-21,0.5178571428571429
2013-05-22,0.5507246376811594
2013-05-23,0.5569620253164557
2013-05-24,0.5353535353535354
2013-05-25,0.4166666666666667
2013-05-26,0.6666666666666666
2013-05-27,0.5416666666666666
2013-05-28,0.4583333333333333
2013-05-29,0.16279069767441862
2013-05-30,0.391304347826087
2013-05-31,0.5571428571428572
2013-06-01,0.2916666666666667
2013-06-02,0.6923076923076923
2013-06-03,0.4492753623188406
2013-06-04,0.5970149253731343
2013-06-05,0.5111111111111111
2013-06-06,0.5319148936170213
2013-06-07,0.1875
2013-06-08,0.3888888888888889
2013-06-09,0.5
2013-06-10,0.4235294117647059
2013-06-11,0.5370370370370371
2013-06-12,0.4594594594594595
2013-06-13,0.4774774774774775
2013-06-14,0.6153846153846154
2013-06-15,0.6666666666666666
2013-06-16,0.5
2013-06-17,0.43010752688172044
2013-06-18,0.44761904761904764
2013-06-19,0.44
2013-06-20,0.5084745762711864
2013-06-21,0.40425531914893614
2013-06-22,0.42857142857142855
2013-06-23,0.6666666666666666
2013-06-24,0.35
2013-06-25,0.2909090909090909
2013-06-26,0.3626373626373626
2013-06-27,0.4157303370786517
2013-06-28,0.4266666666666667
2013-06-29,0.75
2013-06-30,0.25
2013-07-01,0.5662650602409639
2013-07-02,0.5806451612903226
2013-07-03,0.5507246376811594
2013-07-04,0.6666666666666666
2013-07-05,0.7073170731707317
2013-07-06,0.25
2013-07-08,0.41379310344827586
2013-07-09,0.5161290322580645
2013-07-10,0.3673469387755102
2013-07-11,0.28
2013-07-12,0.5
2013-07-13,0.6666666666666666
2013-07-15,0.38095238095238093
2013-07-16,0.375
2013-07-17,0.5
2013-07-18,0.6333333333333333
2013-07-19,0.6595744680851063
2013-07-20,0.7142857142857143
2013-07-21,0.5
2013-07-22,0.6458333333333334
2013-07-23,0.4631578947368421
2013-07-24,0.5789473684210527
2013-07-25,0.6153846153846154
2013-07-26,0.3333333333333333
2013-07-28,0.3333333333333333
2013-07-29,0.38461538461538464
2013-07-30,0.14285714285714285
2013-07-31,0.15
2013-08-01,0.42105263157894735
2013-08-02,0.25
2013-08-03,0.375
2013-08-05,0.30612244897959184
2013-08-06,0.35555555555555557
2013-08-07,0.16666666666666666
2013-08-08,0.3793103448275862
2013-08-09,0.2857142857142857
2013-08-10,0.2
2013-08-11,0.6666666666666666
2013-08-12,0.3888888888888889
2013-08-13,0.22950819672131148
2013-08-14,0.20967741935483872
2013-08-15,0.2571428571428571
2013-08-16,0.19047619047619047
2013-08-17,0.2857142857142857
2013-08-18,1
2013-08-19,0.3958333333333333
2013-08-20,0.45121951219512196
2013-08-21,0.4642857142857143
2013-08-22,0.3875
2013-08-23,0.47674418604651164
2013-08-24,0.25
2013-08-25,0.5263157894736842
2013-08-26,0.3409090909090909
2013-08-27,0.35384615384615387
2013-08-28,0.4393939393939394
2013-08-29,0.4098360655737705
2013-08-30,0.4375
2013-08-31,0.4166666666666667
2013-09-01,0.4864864864864865
2013-09-02,0.3655913978494624
2013-09-03,0.35384615384615387
2013-09-04,0.36792452830188677
2013-09-05,0.417910447761194
2013-09-06,0.49
2013-09-07,0.5
2013-09-08,0.2857142857142857
2013-09-09,0.4166666666666667
2013-09-10,0.47126436781609193
2013-09-11,0.4852941176470588
2013-09-12,0.44086021505376344
2013-09-13,0.5277777777777778
2013-09-14,0.4375
2013-09-15,0.38461538461538464
2013-09-16,0.2605042016806723
2013-09-17,0.3835616438356164
2013-09-18,0.3387096774193548
2013-09-19,0.5285714285714286
2013-09-20,0.4307692307692308
2013-09-21,0.3157894736842105
2013-09-22,0.6666666666666666
2013-09-23,0.4090909090909091
2013-09-24,0.5252525252525253
2013-09-25,0.4077669902912621
2013-09-26,0.48598130841121495
2013-09-27,0.34444444444444444
2013-09-28,0.64
2013-09-29,0.41935483870967744
2013-09-30,0.44642857142857145
2013-10-01,0.5081967213114754
2013-10-02,0.5263157894736842
2013-10-03,0.5423728813559322
2013-10-04,0.38333333333333336
2013-10-05,0.6666666666666666
2013-10-06,0.23076923076923078
2013-10-07,0.36486486486486486
2013-10-08,0.3924050632911392
2013-10-09,0.3191489361702128
2013-10-10,0.2777777777777778
2013-10-11,0.39473684210526316
2013-10-12,0.4444444444444444
2013-10-13,1
2013-10-14,0.3157894736842105
2013-10-15,0.28125
2013-10-16,0.44680851063829785
2013-10-17,0.4025974025974026
2013-10-18,0.5068493150684932
2013-10-19,0.25
2013-10-20,0.48148148148148145
2013-10-21,0.35555555555555557
2013-10-22,0.375
2013-10-23,0.425
2013-10-24,0.3492063492063492
2013-10-25,0.44680851063829785
2013-10-26,0.4444444444444444
2013-10-27,0.18181818181818182
2013-10-28,0.4482758620689655
2013-10-29,0.35294117647058826
2013-10-30,0.48
2013-10-31,0.3076923076923077
2013-11-01,0.39285714285714285
2013-11-02,0.6666666666666666
2013-11-03,0.2857142857142857
2013-11-04,0.43037974683544306
2013-11-05,0.38333333333333336
2013-11-06,0.3875
2013-11-07,0.3584905660377358
2013-11-08,0.4918032786885246
2013-11-09,0.4090909090909091
2013-11-10,0.2
2013-11-11,0.3770491803278688
2013-11-12,0.39285714285714285
2013-11-13,0.26666666666666666
2013-11-14,0.41379310344827586
2013-11-15,0.4838709677419355
2013-11-16,0.4375
2013-11-17,0.625
2013-11-18,0.30666666666666664
2013-11-19,0.3333333333333333
2013-11-20,0.4342105263157895
2013-11-21,0.3706896551724138
2013-11-22,0.3333333333333333
2013-11-23,0.6285714285714286
2013-11-24,0.5357142857142857
2013-11-25,0.4430379746835443
2013-11-26,0.31521739130434784
2013-11-27,0.31645569620253167
2013-11-28,0.3918918918918919
2013-11-29,0.3698630136986301
2013-11-30,0.5416666666666666
2013-12-01,0.3793103448275862
2013-12-02,0.4491525423728814
2013-12-03,0.38095238095238093
2013-12-04,0.36363636363636365
2013-12-05,0.494949494949495
2013-12-06,0.45871559633027525
2013-12-07,0.5
2013-12-08,0.46153846153846156
2013-12-09,0.3700787401574803
2013-12-10,0.22330097087378642
2013-12-11,0.4049586776859504
2013-12-12,0.45454545454545453
2013-12-13,0.3577981651376147
2013-12-14,0.391304347826087
2013-12-15,0.6571428571428571
2013-12-16,0.4153846153846154
2013-12-17,0.41843971631205673
2013-12-18,0.26436781609195403
2013-12-19,0.3140495867768595
2013-12-20,0.33070866141732286
2013-12-21,0.3
2013-12-22,0.1875
2013-12-23,0.5588235294117647
2013-12-24,0.4375
2013-12-25,0.375
2013-12-26,0.45454545454545453
2013-12-27,0.3333333333333333
2013-12-28,0.38461538461538464
2013-12-29,0.37037037037037035
2013-12-30,0.2807017543859649
2013-12-31,0.26666666666666666
2014-01-01,0.26666666666666666
2014-01-02,0.3252032520325203
2014-01-03,0.2743362831858407
2014-01-04,0.375
2014-01-05,0.2727272727272727
2014-01-06,0.31137724550898205
2014-01-07,0.25308641975308643
2014-01-08,0.34513274336283184
2014-01-09,0.3192771084337349
2014-01-10,0.42696629213483145
2014-01-11,0.52
2014-01-12,0.5333333333333333
2014-01-13,0.4444444444444444
2014-01-14,0.34507042253521125
2014-01-15,0.3333333333333333
2014-01-16,0.44642857142857145
2014-01-17,0.3828125
2014-01-18,0.47058823529411764
2014-01-19,0.4594594594594595
2014-01-20,0.4107142857142857
2014-01-21,0.4175824175824176
2014-01-22,0.38011695906432746
2014-01-23,0.367816091954023
2014-01-24,0.42162162162162165
2014-01-25,0.5416666666666666
2014-01-26,0.6206896551724138
2014-01-27,0.5185185185185185
2014-01-28,0.3333333333333333
2014-01-29,0.3064516129032258
2014-01-30,0.3403361344537815
2014-01-31,0.365296803652968
2014-02-01,0.2631578947368421
2014-02-02,0.36363636363636365
2014-02-03,0.33653846153846156
2014-02-04,0.3263157894736842
2014-02-05,0.4230769230769231
2014-02-06,0.3793103448275862
2014-02-07,0.3561643835616438
2014-02-08,0.5714285714285714
2014-02-09,0.25
2014-02-10,0.4673913043478261
2014-02-11,0.4186046511627907
2014-02-12,0.34146341463414637
2014-02-13,0.4077669902912621
2014-02-14,0.2826086956521739
2014-02-15,0.5294117647058824
2014-02-16,0.5454545454545454
2014-02-17,0.48
2014-02-18,0.5096153846153846
2014-02-19,0.4457831325301205
2014-02-20,0.45348837209302323
2014-02-21,0.46551724137931033
2014-02-22,0.4166666666666667
2014-02-23,0.6111111111111112
2014-02-24,0.4230769230769231
2014-02-25,0.5185185185185185
2014-02-26,0.48484848484848486
2014-02-27,0.3684210526315789
2014-02-28,0.3013698630136986
2014-03-01,0.625
2014-03-02,0.7857142857142857
2014-03-03,0.5087719298245614
2014-03-04,0.3548387096774194
2014-03-05,0.3829787234042553
2014-03-06,0.4107142857142857
2014-03-07,0.4696969696969697
2014-03-08,0.5454545454545454
2014-03-09,0.3333333333333333
2014-03-10,0.4909090909090909
2014-03-11,0.45454545454545453
2014-03-12,0.4666666666666667
2014-03-13,0.5957446808510638
2014-03-14,0.32558139534883723
2014-03-15,0.3333333333333333
2014-03-16,0.6
2014-03-17,0.35714285714285715
2014-03-18,0.42857142857142855
2014-03-19,0.14814814814814814
2014-03-20,0.4939759036144578
2014-03-21,0.37254901960784315
2014-03-22,0.9411764705882353
2014-03-23,0.5
2014-03-24,0.34375
2014-03-25,0.22807017543859648
2014-03-26,0.2972972972972973
2014-03-27,0.2972972972972973
2014-03-28,0.2702702702702703
2014-03-29,0.25
2014-03-30,0.5
2014-03-31,0.4444444444444444
2014-04-01,0.421875
2014-04-02,0.3333333333333333
2014-04-03,0.5375
2014-04-04,0.5384615384615384
2014-04-05,0.625
2014-04-06,0.4166666666666667
2014-04-07,0.3
2014-04-08,0.45454545454545453
2014-04-09,0.39285714285714285
2014-04-10,0.45454545454545453
2014-04-11,0.5625
2014-04-12,0.8888888888888888
2014-04-13,0.5
2014-04-14,0.4827586206896552
2014-04-15,0.45454545454545453
2014-04-16,0.75
2014-04-17,0.3333333333333333
2014-04-18,0.25
2014-04-19,0.6666666666666666
2014-04-20,0.6666666666666666
2014-04-21,0.42857142857142855
2014-04-22,0.36363636363636365
2014-04-23,0.36363636363636365
2014-04-24,0.1935483870967742
2014-04-25,0.4722222222222222
2014-04-26,0.3333333333333333
2014-04-27,0.5
2014-04-28,0.2647058823529412
2014-04-29,0.25
2014-04-30,0.19047619047619047
2014-05-01,0.5
2014-05-02,0.5428571428571428
2014-05-03,0.5
2014-05-04,0.7333333333333333
2014-05-05,0.4576271186440678
2014-05-06,0.46875
2014-05-07,0.5853658536585366
2014-05-08,0.4375
2014-05-09,0.4423076923076923
2014-05-10,0.4444444444444444
2014-05-11,0.5833333333333334
2014-05-12,0.4090909090909091
2014-05-13,0.3611111111111111
2014-05-14,0.24561403508771928
2014-05-15,0.42857142857142855
2014-05-16,0.1951219512195122
2014-05-17,1
2014-05-18,0.4
2014-05-19,0.2833333333333333
2014-05-20,0.2777777777777778
2014-05-21,0.38596491228070173
2014-05-22,0.3548387096774194
2014-05-23,0.36363636363636365
2014-05-24,0.75
2014-05-25,1
2014-05-26,0.4
2014-05-27,0.2702702702702703
2014-05-28,0.24
2014-05-29,0.35294117647058826
2014-05-30,0.3333333333333333
2014-05-31,0.3333333333333333
2014-06-01,0.6
2014-06-02,0.48
2014-06-03,0.3469387755102041
2014-06-04,0.4074074074074074
2014-06-05,0.2
2014-06-06,0.20833333333333334
2014-06-07,0.25
2014-06-08,0.4
2014-06-09,0.6666666666666666
2014-06-10,0.34146341463414637
2014-06-11,0.3333333333333333
2014-06-12,0.3673469387755102
2014-06-13,0.2702702702702703
2014-06-14,0.75
2014-06-15,0.15789473684210525
2014-06-16,0.14285714285714285
2014-06-17,0.3611111111111111
2014-06-18,0.22033898305084745
2014-06-19,0.34285714285714286
2014-06-20,0.375
2014-06-21,0.42857142857142855
2014-06-22,0.5
2014-06-23,0.3269230769230769
2014-06-24,0.38095238095238093
2014-06-25,0.28888888888888886
2014-06-26,0.3076923076923077
2014-06-27,0.34782608695652173
2014-06-29,0.4
2014-06-30,0.4418604651162791
2014-07-01,0.2222222222222222
2014-07-02,0.125
2014-07-03,0.28205128205128205
2014-07-04,0.5
2014-07-05,0.5
2014-07-07,0.25
2014-07-08,0.3448275862068966
2014-07-09,0.2
2014-07-10,0.4782608695652174
2014-07-11,0.3333333333333333
2014-07-12,0.3333333333333333
2014-07-13,0.3333333333333333
2014-07-14,0.20588235294117646
2014-07-15,0.3333333333333333
2014-07-16,0.125
2014-07-17,0.35294117647058826
2014-07-18,0.19047619047619047
2014-07-19,0.5
2014-07-20,0.2
2014-07-21,0.20833333333333334
2014-07-22,0.6153846153846154
2014-07-23,0.2857142857142857
2014-07-24,0.13636363636363635
2014-07-25,0.5714285714285714
2014-07-27,0.2857142857142857
2014-07-28,0.2608695652173913
2014-07-29,0.2777777777777778
2014-07-30,0.2972972972972973
2014-07-31,0.5416666666666666
2014-08-01,0.47058823529411764
2014-08-02,0.4
2014-08-03,0.5
2014-08-04,0.3125
2014-08-05,0.3684210526315789
2014-08-06,0.325
2014-08-07,0.42857142857142855
2014-08-08,0.25
2014-08-09,0.16666666666666666
2014-08-10,0.4444444444444444
2014-08-11,0.26666666666666666
2014-08-12,0.25757575757575757
2014-08-13,0.37777777777777777
2014-08-14,0.25396825396825395
2014-08-15,0.2222222222222222
2014-08-17,0.07142857142857142
2014-08-18,0.375
2014-08-19,0.45098039215686275
2014-08-20,0.2765957446808511
2014-08-21,0.4342105263157895
2014-08-22,0.5177304964539007
2014-08-23,0.6666666666666666
2014-08-24,0.5555555555555556
2014-08-25,0.5333333333333333
2014-08-26,0.5034965034965035
2014-08-27,0.49324324324324326
2014-08-28,0.36607142857142855
2014-08-29,0.4606741573033708
2014-08-30,0.4
2014-08-31,0.35714285714285715
2014-09-01,0.45652173913043476
2014-09-02,0.39655172413793105
2014-09-03,0.40404040404040403
2014-09-04,0.3283582089552239
2014-09-05,0.39436619718309857
2014-09-06,0.4166666666666667
2014-09-07,0.7272727272727273
2014-09-08,0.4567901234567901
2014-09-09,0.3888888888888889
2014-09-10,0.36633663366336633
2014-09-11,0.4205607476635514
2014-09-12,0.4430379746835443
2014-09-13,0.7931034482758621
2014-09-14,0.5357142857142857
2014-09-15,0.5047619047619047
2014-09-16,0.4782608695652174
2014-09-17,0.34513274336283184
2014-09-18,0.5319148936170213
2014-09-19,0.4111111111111111
2014-09-20,0.36666666666666664
2014-09-21,0.34285714285714286
2014-09-22,0.26595744680851063
2014-09-23,0.46987951807228917
2014-09-24,0.45045045045045046
2014-09-25,0.4473684210526316
2014-09-26,0.46296296296296297
2014-09-27,0.631578947368421
2014-09-28,0.4411764705882353
2014-09-29,0.46206896551724136
2014-09-30,0.3333333333333333
2014-10-01,0.43617021276595747
2014-10-02,0.4725274725274725
2014-10-03,0.19444444444444445
2014-10-04,0.875
2014-10-05,0.3333333333333333
2014-10-06,0.5063291139240507
2014-10-07,0.4939759036144578
2014-10-08,0.4111111111111111
2014-10-09,0.37777777777777777
2014-10-10,0.5176470588235295
2014-10-11,0.75
2014-10-12,0.6666666666666666
2014-10-13,0.37037037037037035
2014-10-14,0.49107142857142855
2014-10-15,0.4157303370786517
2014-10-16,0.5
2014-10-17,0.5072463768115942
2014-10-18,0.5
2014-10-19,0.5294117647058824
2014-10-20,0.5
2014-10-21,0.5
2014-10-22,0.45652173913043476
2014-10-23,0.5
2014-10-24,0.5185185185185185
2014-10-25,0.5
2014-10-26,0.47368421052631576
2014-10-27,0.4105263157894737
2014-10-28,0.42045454545454547
2014-10-29,0.4946236559139785
2014-10-30,0.3181818181818182
2014-10-31,0.6133333333333333
2014-11-01,0.7419354838709677
2014-11-02,0.7037037037037037
2014-11-03,0.5581395348837209
2014-11-04,0.524390243902439
2014-11-05,0.4752475247524752
2014-11-06,0.4158415841584158
2014-11-07,0.3855421686746988
2014-11-08,0.2857142857142857
2014-11-09,0.4444444444444444
2014-11-10,0.3372093023255814
2014-11-11,0.4155844155844156
2014-11-12,0.38372093023255816
2014-11-13,0.5
2014-11-14,0.3048780487804878
2014-11-15,0.6097560975609756
2014-11-16,0.5897435897435898
2014-11-17,0.47572815533980584
2014-11-18,0.4609375
2014-11-19,0.34285714285714286
2014-11-20,0.35964912280701755
2014-11-21,0.45454545454545453
2014-11-22,0.6842105263157895
2014-11-23,0.6538461538461539
2014-11-24,0.39473684210526316
2014-11-25,0.3891891891891892
2014-11-26,0.38181818181818183
2014-11-27,0.3153153153153153
2014-11-28,0.3951612903225806
2014-11-29,0.47368421052631576
2014-11-30,0.525
2014-12-01,0.41237113402061853
2014-12-02,0.44086021505376344
2014-12-03,0.4307692307692308
2014-12-04,0.38
2014-12-05,0.36585365853658536
2014-12-06,0.6176470588235294
2014-12-07,0.5
2014-12-08,0.2872340425531915
2014-12-09,0.3617021276595745
2014-12-10,0.2920353982300885
2014-12-11,0.3670886075949367
2014-12-12,0.34615384615384615
2014-12-13,0.36
2014-12-14,0.8285714285714286
2014-12-15,0.2916666666666667
2014-12-16,0.4074074074074074
2014-12-17,0.3020833333333333
2014-12-18,0.3142857142857143
2014-12-19,0.3263157894736842
2014-12-20,0.5238095238095238
2014-12-21,0.42105263157894735
2014-12-22,0.37349397590361444
2014-12-23,0.4482758620689655
2014-12-24,0.7777777777777778
2014-12-25,0.9285714285714286
2014-12-26,0.6111111111111112
2014-12-27,0.3333333333333333
2014-12-28,0.4166666666666667
2014-12-29,0.3333333333333333
2014-12-30,0.6029411764705882
2014-12-31,0.43478260869565216
2015-01-01,0.7333333333333333
2015-01-02,0.3617021276595745
2015-01-03,0.22727272727272727
2015-01-04,0.625
2015-01-05,0.33519553072625696
2015-01-06,0.32903225806451614
2015-01-07,0.4011627906976744
2015-01-08,0.2748091603053435
2015-01-09,0.47368421052631576
2015-01-10,0.32142857142857145
2015-01-11,0.35294117647058826
2015-01-12,0.3930131004366812
2015-01-13,0.4158415841584158
2015-01-14,0.422680412371134
2015-01-15,0.4470588235294118
2015-01-16,0.45108695652173914
2015-01-17,0.1875
2015-01-18,0.5
2015-01-19,0.4855072463768116
2015-01-20,0.42214532871972316
2015-01-21,0.45454545454545453
2015-01-22,0.4206896551724138
2015-01-23,0.3253012048192771
2015-01-24,0.14285714285714285
2015-01-25,0.423728813559322
2015-01-26,0.3811659192825112
2015-01-27,0.37037037037037035
2015-01-28,0.5172413793103449
2015-01-29,0.44761904761904764
2015-01-30,0.42857142857142855
2015-01-31,0.55
2015-02-01,0.6
2015-02-02,0.4
2015-02-03,0.475
2015-02-04,0.4936708860759494
2015-02-05,0.49295774647887325
2015-02-06,0.5221238938053098
2015-02-07,0.5294117647058824
2015-02-08,0.7
2015-02-09,0.49473684210526314
2015-02-10,0.4375
2015-02-11,0.39603960396039606
2015-02-12,0.373134328358209
2015-02-13,0.4418604651162791
2015-02-14,0.6521739130434783
2015-02-15,0.6206896551724138
2015-02-16,0.48148148148148145
2015-02-17,0.5384615384615384
2015-02-18,0.44537815126050423
2015-02-19,0.4519230769230769
2015-02-20,0.45454545454545453
2015-02-21,0.2
2015-02-22,0.6363636363636364
2015-02-23,0.3977272727272727
2015-02-24,0.37777777777777777
2015-02-25,0.4666666666666667
2015-02-26,0.37254901960784315
2015-02-27,0.4782608695652174
2015-02-28,0.5
2015-03-01,0.75
2015-03-02,0.509090909090909
2015-03-03,0.3541666666666667
2015-03-04,0.423728813559322
2015-03-05,0.4117647058823529
2015-03-06,0.4716981132075472
2015-03-07,0.5555555555555556
2015-03-08,0.3333333333333333
2015-03-09,0.5306122448979592
2015-03-10,0.34
2015-03-11,0.28205128205128205
2015-03-12,0.4411764705882353
2015-03-13,0.5263157894736842
2015-03-14,0.5
2015-03-15,0.3333333333333333
2015-03-16,0.30158730158730157
2015-03-17,0.3111111111111111
2015-03-18,0.3541666666666667
2015-03-19,0.41935483870967744
2015-03-20,0.7093023255813954
2015-03-21,0.2857142857142857
2015-03-22,0.5714285714285714
2015-03-23,0.4411764705882353
2015-03-24,0.4444444444444444
2015-03-25,0.3684210526315789
2015-03-26,0.39473684210526316
2015-03-27,0.3584905660377358
2015-03-28,0.6923076923076923
2015-03-29,0.4
2015-03-30,0.4090909090909091
2015-03-31,0.6923076923076923
2015-04-01,0.5625
2015-04-02,0.25
2015-04-03,0.6666666666666666
2015-04-05,0.5
2015-04-06,0.6
2015-04-07,0.45098039215686275
2015-04-08,0.34782608695652173
2015-04-09,0.5490196078431373
2015-04-10,0.5
2015-04-11,0.5
2015-04-12,0.2
2015-04-13,0.37142857142857144
2015-04-14,0.33962264150943394
2015-04-15,0.5
2015-04-16,0.3333333333333333
2015-04-17,0.21052631578947367
2015-04-19,0.3333333333333333
2015-04-20,0.4594594594594595
2015-04-21,0.2
2015-04-22,0.2727272727272727
2015-04-23,0.36585365853658536
2015-04-24,0.3333333333333333
2015-04-25,0.25
2015-04-26,0.8333333333333334
2015-04-27,0.41935483870967744
2015-04-28,0.5833333333333334
2015-04-29,0.48936170212765956
2015-04-30,0.42105263157894735
2015-05-01,0.25
2015-05-02,0.7272727272727273
2015-05-03,0.5
2015-05-04,0.589041095890411
2015-05-05,0.46153846153846156
2015-05-06,0.4423076923076923
2015-05-07,0.5576923076923077
2015-05-08,0.5128205128205128
2015-05-09,0.7777777777777778
2015-05-10,0.5882352941176471
2015-05-11,0.5102040816326531
2015-05-12,0.5882352941176471
2015-05-13,0.3142857142857143
2015-05-14,0.5714285714285714
2015-05-15,0.4642857142857143
2015-05-16,0.625
2015-05-17,0.4
2015-05-18,0.37777777777777777
2015-05-19,0.25
2015-05-20,0.2
2015-05-21,0.38181818181818183
2015-05-22,0.5161290322580645
2015-05-23,0.4444444444444444
2015-05-24,0.4
2015-05-25,0.16666666666666666
2015-05-26,0.4634146341463415
2015-05-27,0.42857142857142855
2015-05-28,0.2608695652173913
2015-05-29,0.45
2015-05-30,0.6666666666666666
2015-05-31,0.2
2015-06-01,0.3442622950819672
2015-06-02,0.34328358208955223
2015-06-03,0.5806451612903226
2015-06-04,0.4883720930232558
2015-06-05,0.5
2015-06-06,0.5833333333333334
2015-06-07,0.55
2015-06-08,0.36
2015-06-09,0.3333333333333333
2015-06-10,0.4318181818181818
2015-06-11,0.391304347826087
2015-06-12,0.4322033898305085
2015-06-13,0.6363636363636364
2015-06-14,0.5263157894736842
2015-06-15,0.4583333333333333
2015-06-16,0.49295774647887325
2015-06-17,0.45689655172413796
2015-06-18,0.4069767441860465
2015-06-19,0.5647058823529412
2015-06-20,0.45
2015-06-21,0.75
2015-06-22,0.4965034965034965
2015-06-23,0.5663716814159292
2015-06-24,0.45614035087719296
2015-06-25,0.47368421052631576
2015-06-26,0.5866666666666667
2015-06-27,0.8333333333333334
2015-06-28,0.6666666666666666
2015-06-29,0.5233644859813084
2015-06-30,0.4444444444444444
2015-07-01,0.5760869565217391
2015-07-02,0.6233766233766234
2015-07-03,0.631578947368421
2015-07-04,0.4
2015-07-05,0.4
2015-07-06,0.6375
2015-07-07,0.5287356321839081
2015-07-08,0.5348837209302325
2015-07-09,0.7464788732394366
2015-07-10,0.6915887850467289
2015-07-11,0.6
2015-07-12,0.2
2015-07-13,0.5955056179775281
2015-07-14,0.625
2015-07-15,0.47540983606557374
2015-07-16,0.29411764705882354
2015-07-17,0.32
2015-07-18,0.42857142857142855
2015-07-19,0.2222222222222222
2015-07-20,0.5977011494252874
2015-07-21,0.4845360824742268
2015-07-22,0.54216867469879515
2015-07-23,0.42857142857142855
2015-07-24,0.4482758620689655
2015-07-25,0.5833333333333334
2015-07-26,0.625
2015-07-27,0.5961538461538461
2015-07-28,0.5192307692307693
2015-07-29,0.5352112676056338
2015-07-30,0.47368421052631576
2015-07-31,0.5797101449275363
2015-08-01,0.7142857142857143
2015-08-02,0.5833333333333334
2015-08-03,0.42857142857142855
2015-08-04,0.5393258426966292
2015-08-05,0.2631578947368421
2015-08-06,0.65625
2015-08-07,0.5555555555555556
2015-08-08,0.14285714285714285
2015-08-09,0.3333333333333333
2015-08-10,0.4050632911392405
2015-08-11,0.45054945054945056
2015-08-12,0.5428571428571428
2015-08-13,0.2564102564102564
2015-08-14,0.47540983606557374
2015-08-15,0.4444444444444444
2015-08-16,0.375
2015-08-17,0.5132743362831859
2015-08-18,0.45454545454545453
2015-08-19,0.5131578947368421
2015-08-20,0.5666666666666667
2015-08-21,0.410958904109589
2015-08-22,0.5
2015-08-23,0.5
2015-08-24,0.32075471698113206
2015-08-25,0.4603174603174603
2015-08-26,0.45098039215686275
2015-08-27,0.3404255319148936
2015-08-28,0.45454545454545453
2015-08-30,0.5217391304347826
2015-08-31,0.5217391304347826
2015-09-01,0.3181818181818182
2015-09-02,0.543859649122807
2015-09-03,0.3888888888888889
2015-09-04,0.45588235294117646
2015-09-05,0.36363636363636365
2015-09-06,0.35714285714285715
2015-09-07,0.4084507042253521
2015-09-08,0.5074626865671642
2015-09-09,0.42
2015-09-10,0.559322033898305
2015-09-11,0.3880597014925373
2015-09-12,0.4
2015-09-13,0.28
2015-09-14,0.6307692307692307
2015-09-15,0.43209876543209874
2015-09-16,0.5223880597014925
2015-09-17,0.5254237288135594
2015-09-18,0.32
2015-09-19,0.23076923076923078
2015-09-20,0.6666666666666666
2015-09-21,0.43820224719101125
2015-09-22,0.3157894736842105
2015-09-23,0.4489795918367347
2015-09-24,0.5131578947368421
2015-09-25,0.4025974025974026
2015-09-26,0.5555555555555556
2015-09-27,0.7083333333333334
2015-09-28,0.5
2015-09-29,0.5
2015-09-30,0.5340909090909091
2015-10-01,0.5063291139240507
2015-10-02,0.5
2015-10-03,0.6
2015-10-04,0.2631578947368421
2015-10-05,0.5135135135135135
2015-10-06,0.4714285714285714
2015-10-07,0.4032258064516129
2015-10-08,0.45652173913043476
2015-10-09,0.37777777777777777
2015-10-10,0.625
2015-10-11,0.7368421052631579
2015-10-12,0.38235294117647056
2015-10-13,0.48333333333333334
2015-10-14,0.5161290322580645
2015-10-15,0.47297297297297297
2015-10-16,0.4691358024691358
2015-10-17,0.7931034482758621
2015-10-18,0.5882352941176471
2015-10-19,0.42
2015-10-20,0.5
2015-10-21,0.5666666666666667
2015-10-22,0.4434782608695652
2015-10-23,0.44660194174757284
2015-10-24,0.45454545454545453
2015-10-25,0.35714285714285715
2015-10-26,0.38461538461538464
2015-10-27,0.3372093023255814
2015-10-28,0.296875
2015-10-29,0.34177215189873417
2015-10-30,0.32432432432432434
2015-10-31,0.38461538461538464
2015-11-01,0.45454545454545453
2015-11-02,0.3108108108108108
2015-11-03,0.46296296296296297
2015-11-04,0.29850746268656714
2015-11-05,0.45714285714285713
2015-11-06,0.4
2015-11-07,0.5185185185185185
2015-11-08,0.5555555555555556
2015-11-09,0.32
2015-11-10,0.3472222222222222
2015-11-11,0.4
2015-11-12,0.375
2015-11-13,0.35294117647058826
2015-11-14,0.5
2015-11-15,0.6333333333333333
2015-11-16,0.5851063829787234
2015-11-17,0.4491525423728814
2015-11-18,0.4217687074829932
2015-11-19,0.47244094488188976
2015-11-20,0.53125
2015-11-21,0.5555555555555556
2015-11-22,0.45714285714285713
2015-11-23,0.37410071942446044
2015-11-24,0.4069767441860465
2015-11-25,0.45
2015-11-26,0.46938775510204084
2015-11-27,0.42105263157894735
2015-11-28,0.26666666666666666
2015-11-29,0.39285714285714285
2015-11-30,0.5083333333333333
2015-12-01,0.47435897435897434
2015-12-02,0.5263157894736842
2015-12-03,0.44594594594594594
2015-12-04,0.35
2015-12-05,0.23076923076923078
2015-12-06,0.6153846153846154
2015-12-07,0.3956043956043956
2015-12-08,0.33858267716535434
2015-12-09,0.38333333333333336
2015-12-10,0.45132743362831856
2015-12-11,0.3829787234042553
2015-12-12,0.5
2015-12-13,0.5454545454545454
2015-12-14,0.37579617834394907
2015-12-15,0.48623853211009177
2015-12-16,0.5028571428571429
2015-12-17,0.41025641025641024
2015-12-18,0.30392156862745096
2015-12-19,0.42857142857142855
2015-12-20,0.3333333333333333
2015-12-21,0.3978494623655914
2015-12-22,0.4049586776859504
2015-12-23,0.3870967741935484
2015-12-24,0.3333333333333333
2015-12-25,0.4
2015-12-26,0.25
2015-12-27,0.47058823529411764
2015-12-28,0.5217391304347826
2015-12-29,0.38461538461538464
2015-12-30,0.6666666666666666
2015-12-31,0.7
2016-01-01,0.3333333333333333
2016-01-02,0.26666666666666666
2016-01-03,0.6190476190476191
2016-01-04,0.32954545454545453
2016-01-05,0.36496350364963503
2016-01-06,0.4406779661016949
2016-01-07,0.43820224719101125
2016-01-08,0.3672316384180791
2016-01-09,0.7368421052631579
2016-01-10,0.5217391304347826
2016-01-11,0.425
2016-01-12,0.37894736842105264
2016-01-13,0.34765625
2016-01-14,0.4056603773584906
2016-01-15,0.3403141361256545
2016-01-16,0.2647058823529412
2016-01-17,0.390625
2016-01-18,0.37628865979381443
2016-01-19,0.3744493392070485
2016-01-20,0.44966442953020136
2016-01-21,0.3917525773195876
2016-01-22,0.4585987261146497
2016-01-23,0.42424242424242425
2016-01-24,0.4
2016-01-25,0.42011834319526625
2016-01-26,0.5060240963855421
2016-01-27,0.3559322033898305
2016-01-28,0.3835616438356164
2016-01-29,0.34934497816593885
2016-01-30,0.43478260869565216
2016-01-31,0.33695652173913043
2016-02-01,0.40559440559440557
2016-02-02,0.4742268041237113
2016-02-03,0.5
2016-02-04,0.36065573770491804
2016-02-05,0.5222222222222223
2016-02-06,0.7105263157894737
2016-02-07,0.7241379310344828
2016-02-08,0.45528455284552843
2016-02-09,0.504950495049505
2016-02-10,0.3684210526315789
2016-02-11,0.37373737373737376
2016-02-12,0.41935483870967744
2016-02-13,0.25
2016-02-14,0.6153846153846154
2016-02-15,0.46987951807228917
2016-02-16,0.5063291139240507
2016-02-17,0.47619047619047616
2016-02-18,0.4166666666666667
2016-02-19,0.4375
2016-02-20,0.6551724137931034
2016-02-21,0.6363636363636364
2016-02-22,0.48863636363636365
2016-02-23,0.49206349206349204
2016-02-24,0.48148148148148145
2016-02-25,0.5853658536585366
2016-02-26,0.6226415094339622
2016-02-27,0.5
2016-02-28,0.7142857142857143
2016-02-29,0.38571428571428573
2016-03-01,0.4666666666666667
2016-03-02,0.5066666666666667
2016-03-03,0.4146341463414634
2016-03-04,0.46808510638297873
2016-03-05,0.42857142857142855
2016-03-06,0.6363636363636364
2016-03-07,0.4888888888888889
2016-03-08,0.39655172413793105
2016-03-09,0.6229508196721312
2016-03-10,0.5733333333333334
2016-03-11,0.5510204081632653
2016-03-12,0.5
2016-03-13,0.6666666666666666
2016-03-14,0.47297297297297297
2016-03-15,0.5652173913043478
2016-03-16,0.2696629213483146
2016-03-17,0.5121951219512195
2016-03-18,0.5454545454545454
2016-03-19,0.5714285714285714
2016-03-20,0.6666666666666666
2016-03-21,0.34285714285714286
2016-03-22,0.5306122448979592
2016-03-23,0.3076923076923077
2016-03-24,0.5833333333333334
2016-03-25,0.25
2016-03-26,0.3333333333333333
2016-03-27,0.6666666666666666
2016-03-28,0.5555555555555556
2016-03-29,0.2972972972972973
2016-03-30,0.5084745762711864
2016-03-31,0.425531914893617
2016-04-01,0.44642857142857145
2016-04-02,0.25
2016-04-03,0.3333333333333333
2016-04-04,0.38461538461538464
2016-04-05,0.48
2016-04-06,0.4473684210526316
2016-04-07,0.34285714285714286
2016-04-08,0.3125
2016-04-09,0.6666666666666666
2016-04-11,0.3125
2016-04-12,0.325
2016-04-13,0.45
2016-04-14,0.3333333333333333
2016-04-15,0.38095238095238093
2016-04-17,0.2222222222222222
2016-04-18,0.5208333333333334
2016-04-19,0.2682926829268293
2016-04-20,0.34375
2016-04-21,0.34285714285714286
2016-04-22,0.4838709677419355
2016-04-23,0.25
2016-04-24,0.4
2016-04-25,0.4838709677419355
2016-04-26,0.34285714285714286
2016-04-27,0.2222222222222222
2016-04-28,0.30357142857142855
2016-04-29,0.425531914893617
2016-04-30,0.42857142857142855
2016-05-01,0.2
2016-05-02,0.47619047619047616
2016-05-03,0.4230769230769231
2016-05-04,0.41379310344827586
2016-05-05,0.6875
2016-05-06,0.36363636363636365
2016-05-08,0.2
2016-05-09,0.3103448275862069
2016-05-10,0.34375
2016-05-11,0.42105263157894735
2016-05-12,0.35135135135135137
2016-05-13,0.3076923076923077
2016-05-15,0.4
2016-05-16,0.25
2016-05-17,0.75
2016-05-18,0.4074074074074074
2016-05-19,0.4888888888888889
2016-05-20,0.375
2016-05-21,0.2857142857142857
2016-05-22,0.25
2016-05-23,0.44
2016-05-24,0.4375
2016-05-25,0.4634146341463415
2016-05-26,0.45454545454545453
2016-05-27,0.37209302325581395
2016-05-28,0.35714285714285715
2016-05-29,0.3333333333333333
2016-05-30,0.2830188679245283
2016-05-31,0.6785714285714286
2016-06-01,0.26666666666666666
2016-06-02,0.32142857142857145
2016-06-03,0.4358974358974359
2016-06-04,0.5
2016-06-05,0.36363636363636365
2016-06-06,0.358974358974359
2016-06-07,0.27586206896551724
2016-06-08,0.359375
2016-06-09,0.34375
2016-06-10,0.43548387096774194
2016-06-11,0.5454545454545454
2016-06-12,0.375
2016-06-13,0.6271186440677966
2016-06-14,0.5084745762711864
2016-06-15,0.36363636363636365
2016-06-16,0.425
2016-06-17,0.4915254237288136
2016-06-18,0.4166666666666667
2016-06-19,0.25
2016-06-20,0.4861111111111111
2016-06-21,0.43333333333333335
2016-06-22,0.44
2016-06-23,0.55
2016-06-24,0.4166666666666667
2016-06-25,0.3076923076923077
2016-06-26,0.14285714285714285
2016-06-27,0.4444444444444444
2016-06-28,0.20588235294117646
2016-06-29,0.5625
2016-06-30,0.4777777777777778
2016-07-01,0.475
2016-07-02,0.5384615384615384
2016-07-03,0.2
2016-07-04,0.4523809523809524
2016-07-05,0.6714285714285714
2016-07-06,0.6301369863013698
2016-07-07,0.6041666666666666
2016-07-08,0.5
2016-07-09,0.5714285714285714
2016-07-10,0.7777777777777778
2016-07-11,0.4811320754716981
2016-07-12,0.5875
2016-07-13,0.5119047619047619
2016-07-14,0.40625
2016-07-15,0.46551724137931033
2016-07-16,0.5555555555555556
2016-07-17,0.5454545454545454
2016-07-18,0.46956521739130436
2016-07-19,0.6625
2016-07-20,0.5416666666666666
2016-07-21,0.525
2016-07-22,0.7346938775510204
2016-07-23,0.25
2016-07-24,0.2857142857142857
2016-07-25,0.5087719298245614
2016-07-26,0.5882352941176471
2016-07-27,0.5384615384615384
2016-07-28,0.5526315789473685
2016-07-29,0.5277777777777778
2016-07-30,0.25
2016-07-31,0.6666666666666666
2016-08-01,0.3835616438356164
2016-08-02,0.4716981132075472
2016-08-03,0.5555555555555556
2016-08-04,0.5952380952380952
2016-08-05,0.5636363636363636
2016-08-06,0.6551724137931034
2016-08-07,0.42857142857142855
2016-08-08,0.4396551724137931
2016-08-09,0.45098039215686275
2016-08-10,0.4153846153846154
2016-08-11,0.4444444444444444
2016-08-12,0.39622641509433965
2016-08-13,0.35
2016-08-14,0.7
2016-08-15,0.4205607476635514
2016-08-16,0.35051546391752575
2016-08-17,0.49382716049382713
2016-08-18,0.4117647058823529
2016-08-19,0.41333333333333333
2016-08-20,0.5
2016-08-21,0.4375
2016-08-22,0.4752475247524752
2016-08-23,0.47674418604651164
2016-08-24,0.6125
2016-08-25,0.4791666666666667
2016-08-26,0.44871794871794873
2016-08-27,0.5714285714285714
2016-08-28,0.6571428571428571
2016-08-29,0.5294117647058824
2016-08-30,0.5
2016-08-31,0.48936170212765956
2016-09-01,0.4823529411764706
2016-09-02,0.6493506493506493
2016-09-03,0.5
2016-09-04,0.5416666666666666
2016-09-05,0.52
2016-09-06,0.4742268041237113
2016-09-07,0.43820224719101125
2016-09-08,0.5441176470588235
2016-09-09,0.3698630136986301
2016-09-10,0.5
2016-09-11,0.3
2016-09-12,0.41935483870967744
2016-09-13,0.2894736842105263
2016-09-14,0.4603174603174603
2016-09-15,0.4166666666666667
2016-09-16,0.375
2016-09-17,0.4166666666666667
2016-09-18,0.2857142857142857
2016-09-19,0.4457831325301205
2016-09-20,0.4639175257731959
2016-09-21,0.46808510638297873
2016-09-22,0.3815789473684211
2016-09-23,0.5138888888888888
2016-09-24,0.45454545454545453
2016-09-25,0.5333333333333333
2016-09-26,0.452991452991453
2016-09-27,0.38666666666666666
2016-09-28,0.3950617283950617
2016-09-29,0.3968253968253968
2016-09-30,0.39080459770114945
2016-10-01,0.5416666666666666
2016-10-02,0.4
2016-10-03,0.3333333333333333
2016-10-04,0.4358974358974359
2016-10-05,0.5555555555555556
2016-10-06,0.5625
2016-10-07,0.5517241379310345
2016-10-08,0.7619047619047619
2016-10-09,0.7777777777777778
2016-10-10,0.5
2016-10-11,0.4868421052631579
2016-10-12,0.6222222222222222
2016-10-13,0.5
2016-10-14,0.6290322580645161
2016-10-15,0.8148148148148148
2016-10-16,0.75
2016-10-17,0.4953271028037383
2016-10-18,0.4787234042553192
2016-10-19,0.5909090909090909
2016-10-20,0.3584905660377358
2016-10-21,0.45901639344262296
2016-10-22,0.3333333333333333
2016-10-23,0.5384615384615384
2016-10-24,0.4883720930232558
2016-10-25,0.47126436781609193
2016-10-26,0.3333333333333333
2016-10-27,0.358974358974359
2016-10-28,0.4393939393939394
2016-10-29,0.36363636363636365
2016-10-30,0.3181818181818182
2016-10-31,0.44
2016-11-01,0.37333333333333335
2016-11-02,0.47619047619047616
2016-11-03,0.45348837209302323
2016-11-04,0.38636363636363635
2016-11-05,0.7083333333333334
2016-11-06,0.5454545454545454
2016-11-07,0.38461538461538464
2016-11-08,0.4782608695652174
2016-11-09,0.3783783783783784
2016-11-10,0.3617021276595745
2016-11-11,0.3950617283950617
2016-11-12,0.43478260869565216
2016-11-13,0.6842105263157895
2016-11-14,0.525
2016-11-15,0.49557522123893805
2016-11-16,0.40594059405940597
2016-11-17,0.5
2016-11-18,0.4946236559139785
2016-11-19,0.4827586206896552
2016-11-20,0.42424242424242425
2016-11-21,0.3821138211382114
2016-11-22,0.384
2016-11-23,0.3435114503816794
2016-11-24,0.46017699115044247
2016-11-25,0.5066666666666667
2016-11-26,0.6046511627906976
2016-11-27,0.39285714285714285
2016-11-28,0.3630573248407643
2016-11-29,0.4583333333333333
2016-11-30,0.4166666666666667
2016-12-01,0.5286624203821656
2016-12-02,0.4647887323943662
2016-12-03,0.7
2016-12-04,0.5853658536585366
2016-12-05,0.592814371257485
2016-12-06,0.5862068965517241
2016-12-07,0.615819209039548
2016-12-08,0.5348837209302325
2016-12-09,0.325
2016-12-10,0.5
2016-12-11,0.7209302325581395
2016-12-12,0.5734265734265734
2016-12-13,0.524822695035461
2016-12-14,0.56
2016-12-15,0.43157894736842106
2016-12-16,0.49693251533742333
2016-12-17,0.6388888888888888
2016-12-18,0.5641025641025641
2016-12-19,0.42011834319526625
2016-12-20,0.4682080924855491
2016-12-21,0.5114503816793893
2016-12-22,0.5714285714285714
2016-12-23,0.53125
2016-12-24,0.75
2016-12-25,0.5
2016-12-26,0.46153846153846156
2016-12-27,0.3617021276595745
2016-12-28,0.5135135135135135
2016-12-29,0.5697674418604651
2016-12-30,0.46153846153846156
2016-12-31,0.85
2017-01-01,0.55
2017-01-02,0.4678362573099415
2017-01-03,0.4797297297297297
2017-01-04,0.4074074074074074
2017-01-05,0.4796380090497738
2017-01-06,0.427536231884058
2017-01-07,0.18518518518518517
2017-01-08,0.65
2017-01-09,0.5238095238095238
2017-01-10,0.4482758620689655
2017-01-11,0.5245098039215687
2017-01-12,0.4268292682926829
2017-01-13,0.5104166666666666
2017-01-14,0.32142857142857145
2017-01-15,0.5333333333333333
2017-01-16,0.5094339622641509
2017-01-17,0.5260115606936416
2017-01-18,0.40860215053763443
2017-01-19,0.4327485380116959
2017-01-20,0.4238095238095238
2017-01-21,0.38461538461538464
2017-01-22,0.574468085106383
2017-01-23,0.4563758389261745
2017-01-24,0.2823529411764706
2017-01-25,0.4236111111111111
2017-01-26,0.44508670520231214
2017-01-27,0.384180790960452
2017-01-28,0.6326530612244898
2017-01-29,0.34782608695652173
2017-01-30,0.4377104377104377
2017-01-31,0.4641638225255973
2017-02-01,0.4295774647887324
2017-02-02,0.4690265486725664
2017-02-03,0.6555555555555556
2017-02-04,0.9
2017-02-05,0.7333333333333333
2017-02-06,0.5178571428571429
2017-02-07,0.4796747967479675
2017-02-08,0.45054945054945056
2017-02-09,0.5487804878048781
2017-02-10,0.5483870967741935
2017-02-11,0.5
2017-02-12,0.75
2017-02-13,0.5609756097560976
2017-02-14,0.5119047619047619
2017-02-15,0.4791666666666667
2017-02-16,0.6024096385542169
2017-02-17,0.7142857142857143
2017-02-18,0.7727272727272727
2017-02-19,0.8666666666666667
2017-02-20,0.5760869565217391
2017-02-21,0.5
2017-02-22,0.5657894736842105
2017-02-23,0.6825396825396826
2017-02-24,0.6428571428571429
2017-02-25,0.6896551724137931
2017-02-26,0.7272727272727273
2017-02-27,0.47191011235955055
2017-02-28,0.5538461538461539
2017-03-01,0.6021505376344086
2017-03-02,0.75
2017-03-03,0.575
2017-03-04,0.4444444444444444
2017-03-05,0.7916666666666666
2017-03-06,0.39473684210526316
2017-03-07,0.4482758620689655
2017-03-08,0.49019607843137253
2017-03-09,0.5
2017-03-10,0.4727272727272727
2017-03-11,0.5
2017-03-13,0.4423076923076923
2017-03-14,0.4166666666666667
2017-03-15,0.3953488372093023
2017-03-16,0.37209302325581395
2017-03-17,0.37037037037037035
2017-03-18,0.6
2017-03-19,0.3333333333333333
2017-03-20,0.4423076923076923
2017-03-21,0.3442622950819672
2017-03-22,0.46
2017-03-23,0.4772727272727273
2017-03-24,0.5277777777777778
2017-03-25,0.42857142857142855
2017-03-26,0.3333333333333333
2017-03-27,0.4266666666666667
2017-03-28,0.6
2017-03-29,0.4406779661016949
2017-03-30,0.41509433962264153
2017-03-31,0.4482758620689655
2017-04-02,0.2857142857142857
2017-04-03,0.47619047619047616
2017-04-04,0.6470588235294118
2017-04-05,0.4222222222222222
2017-04-06,0.4
2017-04-07,0.36585365853658536
2017-04-08,0.625
2017-04-09,0.5
2017-04-10,0.5263157894736842
2017-04-11,0.5
2017-04-12,0.5
2017-04-13,0.2857142857142857
2017-04-14,0.5
2017-04-15,1
2017-04-17,0.625
2017-04-18,0.3584905660377358
2017-04-19,0.39473684210526316
2017-04-20,0.40540540540540543
2017-04-21,0.3958333333333333
2017-04-22,0.375
2017-04-23,0.8
2017-04-24,0.5142857142857142
2017-04-25,0.375
2017-04-26,0.47058823529411764
2017-04-27,0.4722222222222222
2017-04-28,0.47540983606557374
2017-04-29,0.3333333333333333
2017-04-30,0.3333333333333333
2017-05-01,0.5
2017-05-02,0.4666666666666667
2017-05-03,0.6326530612244898
2017-05-04,0.3333333333333333
2017-05-05,0.45454545454545453
2017-05-06,0.7142857142857143
2017-05-07,0.5
2017-05-08,0.5087719298245614
2017-05-09,0.375
2017-05-10,0.3404255319148936
2017-05-11,0.39655172413793105
2017-05-12,0.38461538461538464
2017-05-13,0.5
2017-05-14,0.5714285714285714
2017-05-15,0.36538461538461536
2017-05-16,0.4
2017-05-17,0.2962962962962963
2017-05-18,0.39215686274509803
2017-05-19,0.4
2017-05-20,0.25
2017-05-21,0.14285714285714285
2017-05-22,0.3333333333333333
2017-05-23,0.3770491803278688
2017-05-24,0.5116279069767442
2017-05-25,0.2857142857142857
2017-05-26,0.6216216216216216
2017-05-27,0.5555555555555556
2017-05-28,0.48148148148148145
2017-05-29,0.4915254237288136
2017-05-30,0.35135135135135137
2017-05-31,0.4787234042553192
2017-06-01,0.5166666666666667
2017-06-02,0.3898305084745763
2017-06-03,0.7777777777777778
2017-06-04,0.6666666666666666
2017-06-05,0.5384615384615384
2017-06-06,0.5849056603773585
2017-06-07,0.4444444444444444
2017-06-08,0.4305555555555556
2017-06-09,0.4666666666666667
2017-06-10,0.35294117647058826
2017-06-11,0.7272727272727273
2017-06-12,0.4125
2017-06-13,0.4067796610169492
2017-06-14,0.46236559139784944
2017-06-15,0.39473684210526316
2017-06-16,0.35384615384615387
2017-06-17,0.47058823529411764
2017-06-18,0.6875
2017-06-19,0.4673913043478261
2017-06-20,0.34065934065934067
2017-06-21,0.5957446808510638
2017-06-22,0.5588235294117647
2017-06-23,0.5151515151515151
2017-06-24,0.7272727272727273
2017-06-25,0.65
2017-06-26,0.6565656565656566
2017-06-27,0.5816326530612245
2017-06-28,0.7580645161290323
2017-06-29,0.6176470588235294
2017-06-30,0.5370370370370371
2017-07-01,0.75
2017-07-02,0.75
2017-07-03,0.4418604651162791
2017-07-04,0.6037735849056604
2017-07-05,0.5
2017-07-06,0.43478260869565216
2017-07-07,0.48484848484848486
2017-07-08,0.125
2017-07-09,0.5454545454545454
2017-07-10,0.5333333333333333
2017-07-11,0.42592592592592593
2017-07-12,0.34782608695652173
2017-07-13,0.6666666666666666
2017-07-14,0.7272727272727273
2017-07-15,0.3333333333333333
2017-07-16,0.8333333333333334
2017-07-17,0.5862068965517241
2017-07-18,0.4
2017-07-19,0.5357142857142857
2017-07-20,0.7777777777777778
2017-07-21,0.38461538461538464
2017-07-22,0.5
2017-07-24,0.34285714285714286
2017-07-25,0.27586206896551724
2017-07-26,0.5428571428571428
2017-07-27,0.4
2017-07-28,0.42105263157894735
2017-07-29,0.6666666666666666
2017-07-30,0.45
2017-07-31,0.4423076923076923
2017-08-01,0.5384615384615384
2017-08-02,0.43529411764705883
2017-08-03,0.515625
2017-08-04,0.45714285714285713
2017-08-05,0.5454545454545454
2017-08-06,0.6521739130434783
2017-08-07,0.30833333333333335
2017-08-08,0.5688073394495413
2017-08-09,0.42718446601941745
2017-08-10,0.36923076923076925
2017-08-11,0.45454545454545453
2017-08-12,0.3333333333333333
2017-08-13,0.6
2017-08-14,0.5072463768115942
2017-08-15,0.3561643835616438
2017-08-16,0.4175824175824176
2017-08-17,0.34
2017-08-18,0.39705882352941174
2017-08-19,0.43478260869565216
2017-08-20,0.7777777777777778
2017-08-21,0.4883720930232558
2017-08-22,0.46987951807228917
2017-08-23,0.6
2017-08-24,0.46296296296296297
2017-08-25,0.4025974025974026
2017-08-26,0.6
2017-08-27,0.5555555555555556
2017-08-28,0.4444444444444444
2017-08-29,0.5
2017-08-30,0.5138888888888888
2017-08-31,0.52
2017-09-01,0.3103448275862069
2017-09-02,0.3333333333333333
2017-09-03,0.5
2017-09-04,0.35051546391752575
2017-09-05,0.25
2017-09-06,0.42592592592592593
2017-09-07,0.4536082474226804
2017-09-08,0.4479166666666667
2017-09-09,0.4666666666666667
2017-09-10,0.6774193548387096
2017-09-11,0.3048780487804878
2017-09-12,0.40476190476190477
2017-09-13,0.5546218487394958
2017-09-14,0.5056179775280899
2017-09-15,0.45454545454545453
2017-09-16,0.5384615384615384
2017-09-17,0.38461538461538464
2017-09-18,0.5083333333333333
2017-09-19,0.39285714285714285
2017-09-20,0.4392523364485981
2017-09-21,0.41818181818181815
2017-09-22,0.5116279069767442
2017-09-23,0.7333333333333333
2017-09-24,0.48
2017-09-25,0.336734693877551
2017-09-26,0.49572649572649574
2017-09-27,0.3879310344827586
2017-09-28,0.3904109589041096
2017-09-29,0.35
2017-09-30,0.55
2017-10-01,0.5142857142857142
2017-10-02,0.4842105263157895
2017-10-03,0.47619047619047616
2017-10-04,0.43010752688172044
2017-10-05,0.5227272727272727
2017-10-06,0.49122807017543857
2017-10-07,0.6285714285714286
2017-10-08,0.8095238095238095
2017-10-09,0.4166666666666667
2017-10-10,0.41025641025641024
2017-10-11,0.43564356435643564
2017-10-12,0.5045045045045045
2017-10-13,0.40816326530612246
2017-10-14,0.47368421052631576
2017-10-15,0.85
2017-10-16,0.5283018867924528
2017-10-17,0.5096153846153846
2017-10-18,0.5126050420168067
2017-10-19,0.6057692307692307
2017-10-20,0.34375
2017-10-21,0.5
2017-10-22,0.5882352941176471
2017-10-23,0.47368421052631576
2017-10-24,0.452991452991453
2017-10-25,0.3953488372093023
2017-10-26,0.4782608695652174
2017-10-27,0.4722222222222222
2017-10-28,0.5
2017-10-29,0.53125
2017-10-30,0.5212765957446809
2017-10-31,0.4016393442622951
2017-11-01,0.3076923076923077
2017-11-02,0.4215686274509804
2017-11-03,0.5789473684210527
2017-11-04,0.7083333333333334
2017-11-05,0.5909090909090909
2017-11-06,0.42857142857142855
2017-11-07,0.47058823529411764
2017-11-08,0.35772357723577236
2017-11-09,0.5051546391752577
2017-11-10,0.31958762886597936
2017-11-11,0.5384615384615384
2017-11-12,0.22727272727272727
2017-11-13,0.46938775510204084
2017-11-14,0.4925373134328358
2017-11-15,0.5094339622641509
2017-11-16,0.47368421052631576
2017-11-17,0.509090909090909
2017-11-18,0.5882352941176471
2017-11-19,0.44
2017-11-20,0.4166666666666667
2017-11-21,0.41935483870967744
2017-11-22,0.4166666666666667
2017-11-23,0.34234234234234234
2017-11-24,0.46226415094339623
2017-11-25,0.5641025641025641
2017-11-26,0.5483870967741935
2017-11-27,0.352112676056338
2017-11-28,0.5031055900621118
2017-11-29,0.40458015267175573
2017-11-30,0.5227272727272727
2017-12-01,0.42105263157894735
2017-12-02,0.6060606060606061
2017-12-03,0.5957446808510638
2017-12-04,0.3879310344827586
2017-12-05,0.38596491228070173
2017-12-06,0.4846153846153846
2017-12-07,0.40404040404040403
2017-12-08,0.36065573770491804
2017-12-09,0.5853658536585366
2017-12-10,0.6
2017-12-11,0.46153846153846156
2017-12-12,0.4714285714285714
2017-12-13,0.5503875968992248
2017-12-14,0.49606299212598426
2017-12-15,0.45
2017-12-16,0.603448275862069
2017-12-17,0.5370370370370371
2017-12-18,0.46524064171123
2017-12-19,0.432258064516129
2017-12-20,0.515527950310559
2017-12-21,0.4338235294117647
2017-12-22,0.5681818181818182
2017-12-23,0.3870967741935484
2017-12-24,0.5714285714285714
2017-12-25,0.5714285714285714
2017-12-26,0.41379310344827586
2017-12-27,0.6376811594202898
2017-12-28,0.6906474820143885
2017-12-29,0.6304347826086957
2017-12-30,0.6578947368421053
2017-12-31,0.3888888888888889
2018-01-01,0.5238095238095238
2018-01-02,0.5077720207253886
2018-01-03,0.5442622950819672
2018-01-04,0.6079295154185022
2018-01-05,0.5106382978723404
2018-01-06,0.7714285714285715
2018-01-07,0.6481481481481481
2018-01-08,0.5760517799352751
2018-01-09,0.484375
2018-01-10,0.5868725868725869
2018-01-11,0.5742971887550201
2018-01-12,0.6992481203007519
2018-01-13,0.717948717948718
2018-01-14,0.6285714285714286
2018-01-15,0.4901185770750988
2018-01-16,0.562015503875969
2018-01-17,0.5432098765432098
2018-01-18,0.6046511627906976
2018-01-19,0.5163043478260869
2018-01-20,0.5384615384615384
2018-01-21,0.6491228070175439
2018-01-22,0.6113989637305699
2018-01-23,0.6
2018-01-24,0.6238532110091743
2018-01-25,0.56875
2018-01-26,0.583710407239819
2018-01-27,0.5128205128205128
2018-01-28,0.358974358974359
2018-01-29,0.5064377682403434
2018-01-30,0.4418604651162791
2018-01-31,0.4956896551724138
2018-02-01,0.39855072463768115
2018-02-02,0.5555555555555556
2018-02-03,0.7647058823529411
2018-02-04,0.64
2018-02-05,0.6021505376344086
2018-02-06,0.5377358490566038
2018-02-07,0.44545454545454544
2018-02-08,0.4931506849315068
2018-02-09,0.5476190476190477
2018-02-10,0.45454545454545453
2018-02-11,0.5652173913043478
2018-02-12,0.5256410256410257
2018-02-13,0.49411764705882355
2018-02-14,0.45
2018-02-15,0.6419753086419753
2018-02-16,0.5288461538461539
2018-02-17,0.6666666666666666
2018-02-18,0.6363636363636364
2018-02-19,0.5671641791044776
2018-02-20,0.5934065934065934
2018-02-21,0.4576271186440678
2018-02-22,0.5362318840579711
2018-02-23,0.5584415584415584
2018-02-24,0.6666666666666666
2018-02-25,0.6428571428571429
2018-02-26,0.6222222222222222
2018-02-27,0.6195652173913043
2018-02-28,0.46153846153846156
2018-03-01,0.4461538461538462
2018-03-02,0.5121951219512195
2018-03-03,0.6153846153846154
2018-03-04,0.6875
2018-03-05,0.7083333333333334
2018-03-06,0.46938775510204084
2018-03-07,0.46296296296296297
2018-03-08,0.5405405405405406
2018-03-09,0.6
2018-03-10,0.5625
2018-03-11,0.6923076923076923
2018-03-12,0.46153846153846156
2018-03-13,0.38095238095238093
2018-03-14,0.45652173913043476
2018-03-15,0.44594594594594594
2018-03-16,0.4716981132075472
2018-03-17,0.3333333333333333
2018-03-18,0.5714285714285714
2018-03-19,0.4057971014492754
2018-03-20,0.423728813559322
2018-03-21,0.45454545454545453
2018-03-22,0.48
2018-03-23,0.33962264150943394
2018-03-24,0.125
2018-03-25,0.6666666666666666
2018-03-26,0.43478260869565216
2018-03-27,0.5641025641025641
2018-03-28,0.42857142857142855
2018-03-29,0.6923076923076923
2018-03-30,0.8888888888888888
2018-03-31,0.5
2018-04-01,0.5
2018-04-02,0.47058823529411764
2018-04-03,0.4845360824742268
2018-04-04,0.5274725274725275
2018-04-05,0.5714285714285714
2018-04-06,0.2558139534883721
2018-04-07,0.6
2018-04-08,0.36363636363636365
2018-04-09,0.3191489361702128
2018-04-10,0.48936170212765956
2018-04-11,0.4444444444444444
2018-04-12,0.25
2018-04-13,0.26666666666666666
2018-04-14,0.4
2018-04-15,0.75
2018-04-16,0.37254901960784315
2018-04-17,0.4716981132075472
2018-04-18,0.25925925925925924
2018-04-19,0.39473684210526316
2018-04-20,0.3235294117647059
2018-04-21,0.23076923076923078
2018-04-22,0.8
2018-04-23,0.47368421052631576
2018-04-24,0.423728813559322
2018-04-25,0.35555555555555557
2018-04-26,0.46296296296296297
2018-04-27,0.3170731707317073
2018-04-28,0.17647058823529413
2018-04-29,0.14285714285714285
2018-04-30,0.2619047619047619
2018-05-01,0.5555555555555556
2018-05-02,0.6060606060606061
2018-05-03,0.4827586206896552
2018-05-04,0.2857142857142857
2018-05-05,0.8333333333333334
2018-05-06,0.3333333333333333
2018-05-07,0.5609756097560976
2018-05-08,0.41025641025641024
2018-05-09,0.4634146341463415
2018-05-10,0.6086956521739131
2018-05-11,0.4827586206896552
2018-05-12,0.8
2018-05-13,0.6190476190476191
2018-05-14,0.425
2018-05-15,0.40816326530612246
2018-05-16,0.5365853658536586
2018-05-17,0.4666666666666667
2018-05-18,0.39285714285714285
2018-05-19,0.25
2018-05-20,0.45454545454545453
2018-05-21,0.6111111111111112
2018-05-22,0.40476190476190477
2018-05-23,0.4805194805194805
2018-05-24,0.4909090909090909
2018-05-25,0.4318181818181818
2018-05-26,0.42857142857142855
2018-05-27,0.7857142857142857
2018-05-28,0.4507042253521127
2018-05-29,0.43283582089552236
2018-05-30,0.3218390804597701
2018-05-31,0.37681159420289856
2018-06-01,0.47058823529411764
2018-06-02,0.47058823529411764
2018-06-03,0.5555555555555556
2018-06-04,0.5217391304347826
2018-06-05,0.43478260869565216
2018-06-06,0.375
2018-06-07,0.43548387096774194
2018-06-08,0.42028985507246375
2018-06-09,0.35294117647058826
2018-06-10,0.48
2018-06-11,0.34615384615384615
2018-06-12,0.4603174603174603
2018-06-13,0.47368421052631576
2018-06-14,0.42857142857142855
2018-06-15,0.375
2018-06-16,0.35294117647058826
2018-06-17,0.45454545454545453
2018-06-18,0.5777777777777777
2018-06-19,0.49166666666666664
2018-06-20,0.5378151260504201
2018-06-21,0.5042016806722689
2018-06-22,0.5702479338842975
2018-06-23,0.5263157894736842
2018-06-24,0.46153846153846156
2018-06-25,0.524390243902439
2018-06-26,0.42105263157894735
2018-06-27,0.34
2018-06-28,0.29310344827586204
2018-06-29,0.3953488372093023
2018-06-30,0.26666666666666666
2018-07-01,0.3076923076923077
2018-07-02,0.43956043956043955
2018-07-03,0.4230769230769231
2018-07-04,0.4482758620689655
2018-07-05,0.49019607843137253
2018-07-06,0.5076923076923077
2018-07-07,0.375
2018-07-08,0.3333333333333333
2018-07-09,0.4375
2018-07-10,0.5180722891566265
2018-07-11,0.6388888888888888
2018-07-12,0.5
2018-07-13,0.5930232558139535
2018-07-14,0.5
2018-07-15,0.75
2018-07-16,0.6349206349206349
2018-07-17,0.5555555555555556
2018-07-18,0.673469387755102
2018-07-19,0.746031746031746
2018-07-20,0.6060606060606061
2018-07-21,0.48
2018-07-22,0.42857142857142855
2018-07-23,0.5945945945945946
2018-07-24,0.6216216216216216
2018-07-25,0.5813953488372093
2018-07-26,0.5333333333333333
2018-07-27,0.5405405405405406
2018-07-28,0.3333333333333333
2018-07-29,0.7142857142857143
2018-07-30,0.6060606060606061
2018-07-31,0.4727272727272727
2018-08-01,0.5901639344262295
2018-08-02,0.6
2018-08-03,0.6
2018-08-04,0.4166666666666667
2018-08-05,0.125
2018-08-06,0.5096153846153846
2018-08-07,0.5806451612903226
2018-08-08,0.47560975609756095
2018-08-09,0.5070422535211268
2018-08-10,0.4
2018-08-11,0.4
2018-08-12,0.1111111111111111
2018-08-13,0.38028169014084506
2018-08-14,0.3625
2018-08-15,0.5348837209302325
2018-08-16,0.45454545454545453
2018-08-17,0.4482758620689655
2018-08-18,0.4166666666666667
2018-08-19,0.6363636363636364
2018-08-20,0.3170731707317073
2018-08-21,0.35365853658536583
2018-08-22,0.45
2018-08-23,0.5072463768115942
2018-08-24,0.35714285714285715
2018-08-25,0.5
2018-08-26,0.6
2018-08-27,0.484375
2018-08-28,0.53
2018-08-29,0.5268817204301075
2018-08-30,0.5915492957746479
2018-08-31,0.45454545454545453
2018-09-01,0.3
2018-09-02,0.5833333333333334
2018-09-03,0.42028985507246375
2018-09-04,0.40860215053763443
2018-09-05,0.6388888888888888
2018-09-06,0.5486725663716814
2018-09-07,0.6164383561643836
2018-09-08,0.4444444444444444
2018-09-09,0.2857142857142857
2018-09-10,0.47058823529411764
2018-09-11,0.45263157894736844
2018-09-12,0.43902439024390244
2018-09-13,0.43478260869565216
2018-09-14,0.47058823529411764
2018-09-15,0.6666666666666666
2018-09-16,0.23076923076923078
2018-09-17,0.5454545454545454
2018-09-18,0.4396551724137931
2018-09-19,0.4186046511627907
2018-09-20,0.5692307692307692
2018-09-21,0.42105263157894735
2018-09-22,0.4583333333333333
2018-09-23,0.625
2018-09-24,0.5263157894736842
2018-09-25,0.5233644859813084
2018-09-26,0.4946236559139785
2018-09-27,0.47674418604651164
2018-09-28,0.4649122807017544
2018-09-29,0.5384615384615384
2018-09-30,0.5333333333333333
2018-10-01,0.425531914893617
2018-10-02,0.4722222222222222
2018-10-03,0.4642857142857143
2018-10-04,0.4117647058823529
2018-10-05,0.6111111111111112
2018-10-06,0.4909090909090909
2018-10-07,0.5897435897435898
2018-10-08,0.65
2018-10-09,0.432
2018-10-10,0.5352112676056338
2018-10-11,0.5508474576271186
2018-10-12,0.49333333333333335
2018-10-13,0.4117647058823529
2018-10-14,0.782608695652174
2018-10-15,0.4691358024691358
2018-10-16,0.5
2018-10-17,0.4861111111111111
2018-10-18,0.5625
2018-10-19,0.5735294117647058
2018-10-20,0.5588235294117647
2018-10-21,0.6129032258064516
2018-10-22,0.45390070921985815
2018-10-23,0.5686274509803921
2018-10-24,0.532608695652174
2018-10-25,0.5354330708661418
2018-10-26,0.4215686274509804
2018-10-27,0.3076923076923077
2018-10-28,0.5333333333333333
2018-10-29,0.5164835164835165
2018-10-30,0.42857142857142855
2018-10-31,0.5369127516778524
2018-11-01,0.4745762711864407
2018-11-02,0.42857142857142855
2018-11-03,0.6774193548387096
2018-11-04,0.627906976744186
2018-11-05,0.41964285714285715
2018-11-06,0.6439393939393939
2018-11-07,0.5094339622641509
2018-11-08,0.5338345864661654
2018-11-09,0.5844155844155844
2018-11-10,0.5476190476190477
2018-11-11,0.45161290322580644
2018-11-12,0.524822695035461
2018-11-13,0.5531914893617021
2018-11-14,0.4900662251655629
2018-11-15,0.5714285714285714
2018-11-16,0.4673913043478261
2018-11-17,0.5769230769230769
2018-11-18,0.72
2018-11-19,0.47863247863247865
2018-11-20,0.5277777777777778
2018-11-21,0.4028776978417266
2018-11-22,0.6444444444444445
2018-11-23,0.624
2018-11-24,0.7037037037037037
2018-11-25,0.6309523809523809
2018-11-26,0.6296296296296297
2018-11-27,0.5909090909090909
2018-11-28,0.5693430656934306
2018-11-29,0.5734265734265734
2018-11-30,0.4523809523809524
2018-12-01,0.6271186440677966
2018-12-02,0.6724137931034483
2018-12-03,0.4244604316546763
2018-12-04,0.5227272727272727
2018-12-05,0.5763888888888888
2018-12-06,0.5145631067961165
2018-12-07,0.5363636363636364
2018-12-08,0.5
2018-12-09,0.5471698113207547
2018-12-10,0.4125874125874126
2018-12-11,0.5
2018-12-12,0.484375
2018-12-13,0.5882352941176471
2018-12-14,0.5267175572519084
2018-12-15,0.5925925925925926
2018-12-16,0.72
2018-12-17,0.5066666666666667
2018-12-18,0.5766871165644172
2018-12-19,0.4391891891891892
2018-12-20,0.5886075949367089
2018-12-21,0.543859649122807
2018-12-22,0.47619047619047616
2018-12-23,0.55
2018-12-24,0.4
2018-12-25,0.6666666666666666
2018-12-26,0.6341463414634146
2018-12-27,0.4528301886792453
2018-12-28,0.59375
2018-12-29,0.7560975609756098
2018-12-30,0.5833333333333334
2018-12-31,0.625
2019-01-01,0.5833333333333334
2019-01-02,0.5069444444444444
2019-01-03,0.6
2019-01-04,0.5454545454545454
2019-01-05,0.7380952380952381
2019-01-06,0.6666666666666666
2019-01-07,0.6190476190476191
2019-01-08,0.562753036437247
2019-01-09,0.5443786982248521
2019-01-10,0.6213991769547325
2019-01-11,0.6105263157894737
2019-01-12,0.6666666666666666
2019-01-13,0.6666666666666666
2019-01-14,0.5138888888888888
2019-01-15,0.6519607843137255
2019-01-16,0.5294117647058824
2019-01-17,0.6009852216748769
2019-01-18,0.49214659685863876
2019-01-19,0.55
2019-01-20,0.5362318840579711
2019-01-21,0.5538461538461539
2019-01-22,0.5594405594405595
2019-01-23,0.49635036496350365
2019-01-24,0.5379310344827586
2019-01-25,0.44329896907216493
2019-01-26,0.7307692307692307
2019-01-27,0.5405405405405406
2019-01-28,0.44715447154471544
2019-01-29,0.494949494949495
2019-01-30,0.4950980392156863
2019-01-31,0.546583850931677
2019-02-01,0.5681818181818182
2019-02-02,0.7142857142857143
2019-02-03,0.64
2019-02-04,0.5588235294117647
2019-02-05,0.6611570247933884
2019-02-06,0.611764705882353
2019-02-07,0.504950495049505
2019-02-08,0.5217391304347826
2019-02-09,0.75
2019-02-10,0.7428571428571429
2019-02-11,0.5327868852459017
2019-02-12,0.5647058823529412
2019-02-13,0.44329896907216493
2019-02-14,0.49056603773584906
2019-02-15,0.45918367346938777
2019-02-16,0.5714285714285714
2019-02-17,0.43243243243243246
2019-02-18,0.45098039215686275
2019-02-19,0.5825242718446602
2019-02-20,0.6210526315789474
2019-02-21,0.6695652173913044
2019-02-22,0.5272727272727272
2019-02-23,0.5789473684210527
2019-02-24,0.4166666666666667
2019-02-25,0.5934065934065934
2019-02-26,0.46835443037974683
2019-02-27,0.509090909090909
2019-02-28,0.46464646464646464
2019-03-01,0.3958333333333333
2019-03-02,0.3125
2019-03-03,0.5882352941176471
2019-03-04,0.45588235294117646
2019-03-05,0.5212765957446809
2019-03-06,0.5147058823529411
2019-03-07,0.5877192982456141
2019-03-08,0.484375
2019-03-09,0.6875
2019-03-10,0.8333333333333334
2019-03-11,0.5172413793103449
2019-03-12,0.5853658536585366
2019-03-13,0.4507042253521127
2019-03-14,0.6265060240963856
2019-03-15,0.5405405405405406
2019-03-16,0.7692307692307693
2019-03-17,0.55
2019-03-18,0.42424242424242425
2019-03-19,0.5463917525773195
2019-03-20,0.4857142857142857
2019-03-21,0.5825242718446602
2019-03-22,0.49019607843137253
2019-03-23,0.5
2019-03-24,0.42857142857142855
2019-03-25,0.423728813559322
2019-03-26,0.4423076923076923
2019-03-27,0.5882352941176471
2019-03-28,0.5
2019-03-29,0.5432098765432098
2019-03-30,0.42857142857142855
2019-03-31,0.6153846153846154
2019-04-01,0.55
2019-04-02,0.4888888888888889
2019-04-03,0.49019607843137253
2019-04-04,0.5238095238095238
2019-04-05,0.5882352941176471
2019-04-06,0.5384615384615384
2019-04-07,0.75
2019-04-08,0.5555555555555556
2019-04-09,0.4716981132075472
2019-04-10,0.41935483870967744
2019-04-11,0.4090909090909091
2019-04-12,0.43636363636363634
2019-04-13,0.5
2019-04-14,0.5
2019-04-15,0.4027777777777778
2019-04-16,0.55
2019-04-17,0.5666666666666667
2019-04-18,0.5833333333333334
2019-04-19,0.5882352941176471
2019-04-20,0.6666666666666666
2019-04-21,0.5
2019-04-22,0.6521739130434783
2019-04-23,0.5068493150684932
2019-04-24,0.47058823529411764
2019-04-25,0.5740740740740741
2019-04-26,0.5185185185185185
2019-04-27,0.3
2019-04-28,0.3333333333333333
2019-04-29,0.5614035087719298
2019-04-30,0.43037974683544306
2019-05-01,0.625
2019-05-02,0.5512820512820513
2019-05-03,0.45454545454545453
2019-05-04,0.5454545454545454
2019-05-05,0.46153846153846156
2019-05-06,0.5584415584415584
2019-05-07,0.34782608695652173
2019-05-08,0.4230769230769231
2019-05-09,0.6
2019-05-10,0.509090909090909
2019-05-11,0.5
2019-05-12,0.5952380952380952
2019-05-13,0.5833333333333334
2019-05-14,0.5617977528089888
2019-05-15,0.6231884057971014
2019-05-16,0.6086956521739131
2019-05-17,0.45
2019-05-18,0.42857142857142855
2019-05-19,0.5
2019-05-20,0.40425531914893614
2019-05-21,0.696969696969697
2019-05-22,0.6140350877192983
2019-05-23,0.5833333333333334
2019-05-24,0.3488372093023256
2019-05-25,0.8
2019-05-26,0.45454545454545453
2019-05-27,0.5272727272727272
2019-05-28,0.5393258426966292
2019-05-29,0.35526315789473684
2019-05-30,0.6811594202898551
2019-05-31,0.5454545454545454
2019-06-01,0.6111111111111112
2019-06-02,0.5
2019-06-03,0.5656565656565656
2019-06-04,0.57
2019-06-05,0.44
2019-06-06,0.5
2019-06-07,0.7368421052631579
2019-06-08,0.5
2019-06-09,0.7
2019-06-10,0.4375
2019-06-11,0.6666666666666666
2019-06-12,0.6518518518518519
2019-06-13,0.5765765765765766
2019-06-14,0.5851851851851851
2019-06-15,0.625
2019-06-16,0.37037037037037035
2019-06-17,0.5517241379310345
2019-06-18,0.5597826086956522
2019-06-19,0.6239316239316239
2019-06-20,0.5609756097560976
2019-06-21,0.42105263157894735
2019-06-22,0.42105263157894735
2019-06-23,0.4482758620689655
2019-06-24,0.532608695652174
2019-06-25,0.6993006993006993
2019-06-26,0.5648148148148148
2019-06-27,0.5317460317460317
2019-06-28,0.5353535353535354
2019-06-29,0.46153846153846156
2019-06-30,0.625
2019-07-01,0.5
2019-07-02,0.5245901639344263
2019-07-03,0.5229357798165137
2019-07-04,0.6470588235294118
2019-07-05,0.4489795918367347
2019-07-06,0.6428571428571429
2019-07-07,0.6666666666666666
2019-07-08,0.44871794871794873
2019-07-09,0.5789473684210527
2019-07-10,0.6835443037974683
2019-07-11,0.5
2019-07-12,0.5
2019-07-13,0.375
2019-07-14,0.625
2019-07-15,0.36363636363636365
2019-07-16,0.5972222222222222
2019-07-17,0.5185185185185185
2019-07-18,0.6417910447761194
2019-07-19,0.5714285714285714
2019-07-20,0.3
2019-07-21,0.7692307692307693
2019-07-22,0.631578947368421
2019-07-23,0.5901639344262295
2019-07-24,0.6666666666666666
2019-07-25,0.7058823529411765
2019-07-26,0.6206896551724138
2019-07-27,0.8181818181818182
2019-07-28,1
2019-07-29,0.6326530612244898
2019-07-30,0.5211267605633803
2019-07-31,0.5
2019-08-01,0.6
2019-08-02,0.5454545454545454
2019-08-03,0.5384615384615384
2019-08-04,0.3333333333333333
2019-08-05,0.44047619047619047
2019-08-06,0.47413793103448276
2019-08-07,0.47191011235955055
2019-08-08,0.5789473684210527
2019-08-09,0.30952380952380953
2019-08-10,0.2
2019-08-11,0.125
2019-08-12,0.3611111111111111
2019-08-13,0.5983606557377049
2019-08-14,0.37662337662337664
2019-08-15,0.5353535353535354
2019-08-16,0.44642857142857145
2019-08-17,0.35294117647058826
2019-08-18,0.5428571428571428
2019-08-19,0.39473684210526316
2019-08-20,0.5916666666666667
2019-08-21,0.4431818181818182
2019-08-22,0.6306306306306306
2019-08-23,0.4142857142857143
2019-08-24,0.5714285714285714
2019-08-25,0.5
2019-08-26,0.5350877192982456
2019-08-27,0.5851851851851851
2019-08-28,0.5652173913043478
2019-08-29,0.5802469135802469
2019-08-30,0.3333333333333333
2019-08-31,0.375
2019-09-01,0.6923076923076923
2019-09-02,0.358974358974359
2019-09-03,0.5348837209302325
2019-09-04,0.475
2019-09-05,0.5735294117647058
2019-09-06,0.5740740740740741
2019-09-07,0.3888888888888889
2019-09-08,0.4
2019-09-09,0.575
2019-09-10,0.5784313725490197
2019-09-11,0.5632183908045977
2019-09-12,0.48148148148148145
2019-09-13,0.45054945054945056
2019-09-14,0.32142857142857145
2019-09-15,0.5384615384615384
2019-09-16,0.5104166666666666
2019-09-17,0.46808510638297873
2019-09-18,0.58
2019-09-19,0.5794392523364486
2019-09-20,0.5652173913043478
2019-09-21,0.5263157894736842
2019-09-22,0.5714285714285714
2019-09-23,0.43529411764705883
2019-09-24,0.5801526717557252
2019-09-25,0.4117647058823529
2019-09-26,0.4580152671755725
2019-09-27,0.3939393939393939
2019-09-28,0.6470588235294118
2019-09-29,0.6153846153846154
2019-09-30,0.432
2019-10-01,0.44554455445544555
2019-10-02,0.5384615384615384
2019-10-03,0.54
2019-10-04,0.3684210526315789
2019-10-05,0.5789473684210527
2019-10-06,0.631578947368421
2019-10-07,0.4666666666666667
2019-10-08,0.552
2019-10-09,0.44155844155844154
2019-10-10,0.6309523809523809
2019-10-11,0.574468085106383
2019-10-12,0.6470588235294118
2019-10-13,0.4666666666666667
2019-10-14,0.43859649122807015
2019-10-15,0.4
2019-10-16,0.4336283185840708
2019-10-17,0.5897435897435898
2019-10-18,0.5714285714285714
2019-10-19,0.6666666666666666
2019-10-20,0.775
2019-10-21,0.5816326530612245
2019-10-22,0.5346534653465347
2019-10-23,0.6
2019-10-24,0.4444444444444444
2019-10-25,0.49230769230769234
2019-10-26,0.6129032258064516
2019-10-27,0.7333333333333333
2019-10-28,0.512396694214876
2019-10-29,0.4326923076923077
2019-10-30,0.6214285714285714
2019-10-31,0.4132231404958678
2019-11-01,0.543859649122807
2019-11-02,0.6176470588235294
2019-11-03,0.5319148936170213
2019-11-04,0.3611111111111111
2019-11-05,0.45555555555555555
2019-11-06,0.5443037974683544
2019-11-07,0.57
2019-11-08,0.6991150442477876
2019-11-09,0.5357142857142857
2019-11-10,0.68
2019-11-11,0.5363636363636364
2019-11-12,0.38848920863309355
2019-11-13,0.55
2019-11-14,0.42857142857142855
2019-11-15,0.5104166666666666
2019-11-16,0.34615384615384615
2019-11-17,0.6136363636363636
2019-11-18,0.4387755102040816
2019-11-19,0.48214285714285715
2019-11-20,0.5625
2019-11-21,0.4789915966386555
2019-11-22,0.5208333333333334
2019-11-23,0.45454545454545453
2019-11-24,0.55
2019-11-25,0.5185185185185185
2019-11-26,0.475177304964539
2019-11-27,0.39473684210526316
2019-11-28,0.4557823129251701
2019-11-29,0.41732283464566927
2019-11-30,0.36
2019-12-01,0.30434782608695654
2019-12-02,0.47107438016528924
2019-12-03,0.4567901234567901
2019-12-04,0.3939393939393939
2019-12-05,0.4146341463414634
2019-12-06,0.3783783783783784
2019-12-07,0.3333333333333333
2019-12-08,0.5925925925925926
2019-12-09,0.3058823529411765
2019-12-10,0.4015151515151515
2019-12-11,0.5089285714285714
2019-12-12,0.4785714285714286
2019-12-13,0.5116279069767442
2019-12-14,0.2962962962962963
2019-12-15,0.3157894736842105
2019-12-16,0.4307692307692308
2019-12-17,0.38562091503267976
2019-12-18,0.5283018867924528
2019-12-19,0.5789473684210527
2019-12-20,0.390625
2019-12-21,0.6666666666666666
2019-12-22,0.25
2019-12-23,0.5769230769230769
2019-12-24,0.7142857142857143
2019-12-26,0.5454545454545454
2019-12-27,0.3333333333333333
2019-12-28,0.4
2019-12-29,0.2
2019-12-30,0.574468085106383
2019-12-31,0.6578947368421053
